pardoned.',1,1
silent.,1,0
draw,',1,1
seated,1,1
behind?',1,1
believed,1,1
extremely--',1,1
saves,1,1
figure!',1,1
knelt,1,1
everybody,4,5
four,4,4
was,',1,3
sleep,4,4
ever;,1,1
hanging,3,3
ringlets,1,1
brush,,1,1
oldest,1,1
hate,1,1
assembled,2,2
consider,1,1
whose,2,2
up,,6,5
IX.,1,0
be?',2,2
swam,3,5
(for,1,1
pardon,,1,1
larger,,3,3
presents,2,2
list,1,1
Quadrille,,1,1
up:,1,1
under,16,8
serpents!,1,0
teaching,1,1
larger:,1,1
dear!",1,1
worth,4,4
dear!',3,2
tears!,1,0
coaxing.,1,0
otherwise,,1,1
rise,1,1
returning,,1,1
tears.,2,0
now,',4,2
tears,,1,3
educations--in,1,1
Gryphon.,1,0
every,11,9
remarks,1,1
'all,1,1
today.,1,0
fireplace,1,1
follows:--,1,1
school,2,3
prize,1,1
rippling,1,1
wooden,1,1
pinch,1,1
angry,,1,1
'either,1,1
whispered,,1,1
solid,1,1
NEAR,1,1
shouting,1,1
trial.',1,1
lips.,1,0
Go,0,1
oblong,1,1
decidedly,,3,1
Our,0,1
favoured,1,1
about,',1,1
me!,2,0
her.,11,0
tired,5,3
Ugh,,0,1
me,,2,3
ever:,1,1
here;,1,1
fond--of--of,1,1
her;,3,2
her:,4,5
likely,2,4
louder,1,1
audibly.,1,0
('I,2,2
locked;,1,1
CURTSEYING,1,1
listened,,1,1
m--',1,1
machines,1,1
shining,1,1
even,13,15
meekly,1,1
languid,,1,1
'EAT,1,1
hide,1,1
violently,,2,2
ugly,1,1
solemn,3,2
story!',2,2
particular.,1,0
(which,1,1
'You,15,20
now?',2,2
change:,1,1
above,3,3
conduct,1,1
new,1,3
ever,10,13
is--"The,1,1
Fish-Footman,2,2
it!--That,1,1
glass;,1,1
difficulty,,1,1
wings.,1,0
Queen!',1,1
can,',1,1
half-past,1,1
never,17,28
wrapping,1,1
here,12,12
'she,1,1
met,3,2
spoon,1,1
glass.,1,0
glass,,2,2
hers,2,3
execution.',1,1
shriek,2,2
rabbit-hole,2,2
cried.,2,0
Wonderland,1,1
ask.,1,0
daughter,1,1
finger;,1,1
puzzled.,2,0
Croquet-Ground,1,1
(And,,1,1
mouths;,1,1
leaves,2,1
changed,4,6
'Silence,1,1
listening:,1,1
pieces.,1,0
barrowful,1,2
escape,1,1
far!",1,1
smoke,1,1
encourage,1,1
NOT,5,4
otherwise."',1,1
listening,,2,2
changes,2,2
purple.,1,0
ventured,1,1
golden,3,3
XII.,1,0
'only,,1,1
figure,1,1
thought,,2,4
breath,,2,1
then--always,1,1
angrily,2,2
feelings,1,1
Where,0,3
patience,1,1
over,,2,1
oyster!',1,1
guests,2,2
drowned,1,1
punching,1,1
Caterpillar's,1,1
humbly;,1,1
reply.,1,0
English!',1,1
reply,,1,1
hand,',1,1
spoke,4,4
would,42,33
conversation?',1,1
crash,,1,1
pulling,1,1
us!"',1,1
door--,1,1
arms,3,3
creatures,,1,1
insult,1,1
call,4,3
jury-box,',1,1
violently,2,2
right,,3,3
kiss,1,1
tell,16,15
inquisitively,,1,1
breathe,1,1
instance,,2,3
said;,1,2
peeping,1,1
T!',1,1
off;,1,1
hurt,2,2
glass,2,3
'Tell,1,1
remarked:,1,1
remarking,1,2
excellent,1,2
game's,1,1
hold,5,3
off,,12,10
off.,4,0
me,32,32
course--"I,1,1
animals,,1,1
ma,1,1
room,6,5
'Collar,0,1
books,,1,1
work,2,6
roof,1,4
would,',1,1
Tea-Party,1,1
arm,,3,5
obstacle,1,1
eleventh,1,1
Down,,2,1
arranged;,1,1
elbow,2,2
over;,1,1
laughter.,1,0
my,41,46
shook,7,6
day,',1,1
is.',2,3
quiver,1,1
give,7,8
Visit,0,1
beautifully,2,2
shore.,1,0
mouth;,1,1
shore,,2,2
through,',1,1
shrieks,,1,1
that.',2,3
want,5,4
mouth,,1,1
yet--and,1,1
not.',2,2
questions.--How,1,1
Pigeon;,1,1
end,3,2
court!',1,1
turn,4,5
complaining,1,1
said,,13,21
spreading,1,1
certainly,',3,1
ONE,2,2
door--I,1,1
how,26,25
hot,4,4
'on,1,1
youth,,1,3
on.',2,2
Pigeon.,1,0
answer,5,5
truthful,1,1
clever?',1,1
A,5,8
somebody,,1,1
poker,1,1
laugh;,1,1
flustered,1,1
WOULD,3,5
it!',6,6
wood,,1,1
after,31,24
Caucus-Race,1,1
'I'VE,1,1
Mouse's,1,1
Rabbit:,1,1
wrong,2,2
asked,8,7
together!',1,1
lay,3,4
mean,,1,1
'Two,2,2
advice,,1,1
lap,2,2
cautiously:,1,1
away!',2,2
'Consider,,1,1
All,1,3
attempt,1,1
impatient,1,1
creatures,',1,1
talk:,1,1
'they--you've,1,1
respect.,1,0
head's,1,1
grant,1,1
yet--Oh!,1,0
advantage,',1,1
hollow,1,1
wink,2,2
wriggling,1,1
green,3,3
wow!',0,2
Mabel,1,1
SHE'S,1,1
folded,,1,2
thimble,,1,2
order,2,2
carrier,',1,1
hedgehog,3,5
sharply;,1,1
sprawling,1,1
executed,2,2
sun,,1,1
brain;,1,1
passed;,1,1
over,23,17
parts,1,1
'She'd,0,1
judge,',1,1
hair.",1,1
executes,1,1
down,,11,8
tale!',1,1
down.,1,0
down!,2,0
"Who,1,1
effect:,1,1
bread-and-butter,2,2
before,18,10
'--change,1,1
'let's,1,1
His,1,1
figures!',1,1
then,,4,6
somewhere,1,1
knocking,,1,1
fix,1,1
speaking,,2,3
'Nobody,1,2
ready?,1,0
writing,4,4
better,9,10
then;,1,1
then?,1,0
glanced,1,1
croquet,2,2
enough.',1,1
pass,1,1
nonsense!',2,2
Dinn,1,1
then,24,35
them,35,41
MINE,',1,1
Mystery,',1,1
turtles,,1,1
slate,1,1
safe,2,2
history,,3,4
Longitude,1,2
break,1,1
wandering,1,1
HEARTS.,1,0
carefully,,1,3
they,62,60
sister's,1,1
interrupt,1,1
loud,,2,2
one,47,48
strings:,1,1
twinkling,3,2
were',,1,1
'Well,,10,13
chose,',1,1
list,,1,1
'of,1,1
alternately,1,1
'Well!,1,0
uncivil.,1,0
Pat!,0,0
nonsense.,1,0
question,',1,1
roast,1,1
each,6,7
denied,,1,1
went,26,23
kind,',1,1
Mouse,3,12
side,7,5
sweet-tempered.,1,0
'or,5,4
prisoner,1,1
'sit,1,1
lifted,1,1
telescope,1,1
used--and,1,1
series,1,1
told,6,4
SOME,1,1
telescope!,1,0
banquet--],1,1
carry,1,1
taught,4,4
BOOTS,1,1
do.',2,2
forgot,1,2
Latitude,1,2
'Mouse,1,1
'--you,0,1
temper,,1,1
'Right,,0,1
RETURNED,1,1
'They,3,8
Twinkle,,0,1
words.',1,1
sang,2,2
finished.,1,0
'Sh!,1,0
sighing,2,2
denied,1,1
fellows,1,1
William,3,3
day,,4,4
Rabbit,3,26
is,,13,12
death."',1,1
got,24,25
is!,1,0
size,4,5
question;,1,1
day!,1,0
two.,1,0
splashed,1,1
stamping,2,2
turning,10,3
like"!',1,1
you're,12,15
occasionally;,1,1
Dodo,1,9
perhaps,',1,1
free,2,2
'his,1,1
went.,2,0
furrow,1,1
went,,1,2
whereupon,1,1
sea-shore--',1,1
mallets,1,1
'Rule,1,1
wanted,3,4
twice--',1,1
I'M,1,1
SWIM--",1,1
go,,4,3
enormous,1,1
go.,1,0
began.,3,0
whiting?',1,1
shelves,1,1
Two.,1,0
go!,1,0
days,2,2
him!,2,0
house!',1,1
began:,1,1
own.,1,0
moved.,1,0
hopeless,1,1
Was,1,1
nasty,,1,1
tied,1,1
picture.),1,1
rabbit-hole--and,1,1
(as,2,2
footsteps,1,1
fellow!,1,0
YOU?',1,2
cushion;,1,1
enjoy,1,1
baby:,1,1
explained,',1,1
well--',1,1
yourself,',1,1
'Fetch,0,1
too,,1,1
Cat's,2,1
Lacie,,1,1
encouraging,1,2
Soup,",1,1
hearing,3,3
feeling!',1,1
fun!',1,1
another,13,17
cushion,,1,1
miserable,2,2
thoughtfully,1,1
thick,1,1
myself,',2,2
too:,1,1
uneasily,1,1
shoulders.,1,0
awfully,1,1
Two,,1,1
taller,,1,1
"HOW,1,1
top,1,2
her,,11,15
girls,1,3
pardon,',1,1
sobs,,1,1
sure!,1,0
sobs.,1,0
grumbled:,1,1
master,2,2
too,15,18
wildly,2,2
Five!,2,0
legs,3,3
sure,,1,2
dogs,1,1
not?',1,1
listen,3,2
consented,1,1
was:,1,2
them--'I,1,1
ground--and,1,1
'Sixteenth,',0,1
think--',2,3
ran.,1,0
floor,,1,2
took,20,11
names,',1,1
was),1,1
inside,,1,1
was,,10,10
Five,,2,3
was!,1,0
plate.,1,0
floor:,1,1
chin:,1,1
dismay,,1,1
positively,1,1
begins,4,2
air!,1,0
generally,,2,2
to?,1,0
rate!,1,0
elegant,1,1
confusing.',1,1
rate,,1,2
air,,3,5
second,2,4
air.,2,0
hearth,1,1
shower,1,1
matter,4,7
splendidly,1,1
exclaimed,4,3
flame,1,1
'Twenty-four,1,1
to,,3,3
M--',1,1
feeling,6,4
mouse!'),1,1
begin,,1,1
that?',6,6
'Digging,1,1
'Certainly,0,1
ran,7,12
childhood:,1,1
heads.,1,0
mind,4,4
mine,3,3
pigs,1,1
talking,10,10
well.,2,0
manner,1,1
Crab,1,1
variations.,1,0
seen,9,8
seem,7,1
Mercia,1,1
well!,1,0
others.,1,0
circle,,1,1
Then,3,8
chin.,2,0
do.,2,0
mostly,1,1
do,,5,6
up!',1,1
thoroughly,2,2
neck,4,6
NEVER,2,2
surprise.,2,0
eagerly,3,3
do:,1,1
spoke.,3,0
'Seals,,0,1
subjects,1,1
soup.,1,0
doors,2,2
laughed,1,1
treat.,1,0
Tarts?,1,0
'Twinkle,,1,1
long;,1,1
nobody,3,3
though,6,4
doze;,1,1
'Herald,,0,1
TWO--",1,1
see:,1,3
Suppress,0,1
askance--,1,1
change,,1,1
mouth,4,6
nonsense.',1,1
plenty,1,1
long,,1,1
nonsense,',1,1
that!',3,7
see,,4,8
promising,,1,1
feeble,,1,1
grave,2,3
It'll,0,1
concert!',1,1
subject!,1,0
'Everything's,0,1
did,',3,1
know--No,1,1
shingle--will,1,1
door,,3,5
alarm,1,1
door.,2,0
dog,2,2
subject.,1,0
letters.,1,0
Alice,),2,2
gloves--that,1,1
flapper,1,1
Canterbury,,1,1
on!',4,6
notion,3,2
door;,1,1
door:,1,1
decidedly,1,1
saying,10,5
adventures--beginning,1,1
knock,,1,1
lessons:,1,1
little!',1,1
SHOES.',1,1
retire,1,1
sneezing,,1,1
sneezing.,1,0
ending,1,1
trial's,2,3
lessons,,1,1
attempts,1,1
terror.,1,0
rope--Will,1,1
ringlets,,1,1
queer,8,9
earth,1,1
pope,,1,1
lessons,4,2
sir,',1,1
('That's,1,1
be!',1,1
spite,1,1
eye,,1,1
never'),1,1
explain,5,5
THAT,6,5
glass.),1,1
nervous,,1,1
spoke;,1,1
offended!',1,1
roses.,1,0
deepest,1,1
rich,1,1
Northumbria,,1,1
green,,1,1
them--and,2,2
haven't,',1,1
'no,1,1
do,25,34
story.',1,1
bit.,2,0
mouths,1,1
air,2,2
squeaking,2,2
watch,5,5
empty:,1,1
coast,1,1
patted,1,1
shutting,2,2
Ann,,1,2
label,,1,1
them.',2,2
altogether,1,1
window!',1,1
'moral,',1,1
learned,1,1
Ann!,1,0
about,,6,3
sun.,1,0
deny,2,2
Bill,',2,2
sky.,1,0
nicely,2,2
anxiously,9,10
places!',1,1
them:,1,1
licking,1,1
twice,1,1
bad,1,1
softly,1,1
three-legged,2,2
'Please,,0,1
them.,1,0
'Stuff,1,1
signify:,1,1
judge,,3,3
'I--I,1,1
ears,4,3
cats.',1,1
do?',1,1
blew,1,1
shoes!',1,1
laughing:,1,1
questions,2,2
fair,1,1
clearly,',1,1
porpoise.',1,1
present--at,1,1
offended.,1,0
'Shan't,',0,1
offended,,1,1
twelve?,1,0
BEG,1,1
means.',1,1
depends,1,1
decided,2,3
submitted,1,1
dears,1,1
of?',2,3
Morcar,,1,1
Hardly,0,1
best,3,6
subject,2,1
pebbles,2,2
'Sit,1,1
said,275,46
Run,0,1
lessons,',2,1
'May,1,1
stairs.,1,0
stairs!,1,0
Lory,,1,3
away,15,12
'You're,3,6
curious.',1,1
'Now,,2,4
things!',4,3
there's,12,7
note-book,,1,1
finger,2,3
'Ahem!',0,1
sorts,2,1
toffee,,1,1
claws,1,1
we,13,13
reasons.,1,0
terms,1,1
from,',1,1
confusion,3,3
here,',4,4
weak,2,2
yet?',2,2
Edgar,1,1
camomile,1,1
now.',4,4
'that,6,6
'Back,0,1
listen,,1,1
drew,5,5
'and,33,30
seriously,,1,1
'What!,0,0
picking,2,2
do!',2,3
'Fury,1,1
kitchen,2,2
pity,1,1
hours,3,3
accident,1,1
box--,1,1
'You've,1,1
'THAT,2,2
country,1,1
fifth,1,1
cup,1,1
adventures,2,2
against,9,7
trouble,,1,1
him),,1,1
players,2,2
natural);,1,1
ring,,2,2
games,1,1
longer!',1,1
draw,,1,1
directly.,1,0
pet:,1,1
Duchess,,1,8
Duchess.,1,0
tone,3,2
go,',2,1
witness.',2,2
doubt,,2,2
royal,1,2
wags,1,1
Duchess!,3,0
lullaby,1,1
height,4,3
them--',1,1
Though,1,1
dropped,,1,1
then--I,1,1
Duchess;,1,2
Duchess:,1,4
waist,',1,1
rapidly;,1,1
rapidly:,1,1
doubt:,1,1
speak,5,7
now,,6,6
skirt,,1,1
now.,1,0
'we,3,3
Hatter's,1,1
I've,17,13
ceiling,,1,1
proposal.,1,0
three,12,15
been,12,28
quarrelling,2,2
chimneys,1,1
'stupid,1,1
apples,,1,2
belongs,2,1
Good-bye,,0,1
bat?',1,1
deep,,2,2
'than,1,1
Northumbria--"',1,1
wood,',1,1
lovely,1,1
threw,2,2
dry,6,7
life,2,2
Game,,1,1
pounds!,1,0
mushroom,3,4
so,',4,2
room!,1,0
arm-chair,1,1
bit.',1,1
uncommon,1,1
argument,4,2
time?',1,1
speaker,',1,1
'--that,1,1
child,3,3
catch,2,2
puzzled,,1,1
toes?',1,1
doth,2,1
one,',3,2
affair,,1,1
Gryphon,,2,11
save,1,1
angry.,1,0
toast,),1,1
tried.,1,0
first--they,1,1
been.,1,0
think,',2,2
muchness?',1,1
ask:,1,1
HERE.',1,1
near,12,5
zigzag,,1,1
neat,1,1
slate--Oh,,1,1
holding,,1,1
stopping,1,1
"Such,1,1
voice,12,13
'Cheshire,0,1
mistake,2,2
remembering,1,1
over.,1,0
seven,1,1
thought.,1,0
over),1,1
played,1,1
desperately:,1,1
HATED,1,1
is,47,41
trees,,2,2
it,200,182
stiff.,1,0
eyes.--'Tell,1,1
'My,2,2
Rabbit's--'Pat!,1,0
clinging,1,1
thought;,1,1
in,224,101
mouse,2,3
Tell,0,3
said.,3,0
if,43,20
grown,4,7
'YOU'D,1,1
him--How,1,1
alarm.,1,0
things,15,18
make,14,13
thin--and,1,1
Stop,0,1
"I,4,7
V.,1,0
linked,1,1
forehead,2,2
manner,,1,1
really?',1,1
unfortunate,3,3
isn't,',1,1
advisable--"',1,1
several,4,4
'Drink,1,1
Dinah,,3,3
Alas!,1,0
axes,',1,1
guinea-pigs,,2,2
ask!,1,0
tops,1,1
Dinah!,1,0
Alice's,,1,1
hand,8,8
delight,1,1
marched,1,1
expected:,1,1
'There's,1,5
Dinah:,1,1
SOUP!',1,1
Half-past,0,1
escape!',1,1
dozing,1,1
opportunity,4,2
he'll,1,1
made.,1,0
kid,1,3
butter,1,1
alas!,1,0
last!',1,1
Fury:,1,1
kept,11,11
replied;,2,3
matters,2,2
are,',1,1
settled,3,1
around,2,2
humble,1,1
Mind,0,1
(for,,1,1
proceed,',1,1
replied,,4,5
replied.,5,0
thing.,1,0
sorrow?',1,1
thing,,4,3
fidgeted.,1,0
remark.,3,0
Table,1,1
the,411,657
bottle,,1,2
yours,1,1
left,10,9
on?',2,1
'Never!',0,1
she'll,2,2
afraid,,1,2
twentieth,1,1
just,29,24
sentence,4,4
'however,,1,1
ago:,1,1
sleepy,3,3
Owl,,1,1
verses,1,3
minutes,,1,1
feet,,4,6
break.,1,0
feet!,1,0
yer,4,3
yet,4,5
snout,1,1
leaders,,1,1
spectacles,1,1
unable,1,1
chimney,,1,2
DON'T,1,1
had,59,93
school,',1,1
foot!,1,0
serpent!',1,1
spread,3,2
YOURS:,1,1
cart-horse,,1,1
easy,2,1
words:--,2,2
back-somersault,1,1
hookah,1,2
much,',5,3
has,6,6
foot,,2,2
oneself,1,1
gave,11,9
'allow,1,1
lower,',1,1
did!',1,1
"Uglification,"',1,1
'Can't,1,1
boxed,1,1
fact,,3,4
ALL.,1,0
tremble.,1,0
Alice,103,101
possibly,3,3
ye;,1,1
dreamy,1,1
afore,1,1
sleep",1,1
sleep,,1,1
way:--,1,1
shoulder,2,2
brought,3,3
appearing,1,1
seaside,1,1
pencil,1,1
saucepans,,1,1
any.,1,0
'Consider,1,1
Turn,0,1
officer,1,1
snappishly.,1,0
night,1,1
hung,1,1
moral,1,1
Stole,1,1
towards,1,1
Now,,0,1
sort,',1,1
Derision.',1,1
right,8,15
old,9,13
deal,3,8
people,9,10
backs,1,1
'Don't,1,4
COULD!,1,0
crown,2,2
somehow,1,1
dead,3,3
prizes.,1,0
know.,3,0
Footman,,1,2
Uglification,,1,1
Footman.,1,0
'three,1,1
dear,4,6
meaning.,1,0
bore,1,1
goldfish,2,2
'Sure,,3,3
creep,1,1
HE,3,3
denies,1,1
farm-yard--while,1,1
friend,2,2
thoughts,2,2
for,96,58
bottom,1,1
ear,2,2
opposite,1,1
dressed,,1,1
cats?',1,1
everything,8,7
uncomfortable,,1,1
Let,0,2
pie--',1,1
serpents,2,2
provoking,1,1
beating,1,1
'Have,2,2
time.),1,1
He,7,11
pinched,2,2
silent,,2,1
knew,8,9
sort!',1,1
'chop,1,1
dear,',1,1
burn,2,2
'because,3,3
hat,',1,1
lamps,1,1
mad?',2,2
right!',1,1
losing,1,1
THEIR,1,1
bowing,1,1
'living,1,1
permitted,1,1
First,1,2
wept,1,1
best,,2,2
'it,5,4
'is,1,1
Indeed,,0,1
serpent,,2,2
table.,2,0
choke,1,1
little,',1,1
serpent;,1,1
'if,7,5
despair,1,1
couple?',1,1
'And,7,13
'in,3,3
Still,0,1
'jury-men',1,1
yet.',2,2
hate--C,1,1
elbow.',1,1
shrill,,1,2
ladder?--Why,,1,1
for,,2,1
wasting,2,2
eagerly:,1,1
low,,3,6
experiment?',1,1
delighted,1,1
cauldron,2,2
interrupting,2,2
down,52,35
respectable,1,1
Adventures,,1,1
twenty-four,1,1
bats,1,1
(when,1,1
PLENTY,1,1
knuckles.,1,0
balanced,1,1
cattle,1,1
right;,1,1
frightened,5,7
eagerly.,1,0
animal's,1,1
eagerly,,3,3
cleared,1,1
crowd,4,4
voices,2,2
wag,1,1
sulky,,1,1
sneezing,3,4
below!',1,1
can--',1,1
handwriting?',1,1
THINK,1,1
why.,1,0
why,,2,2
one?',1,1
game,,1,2
way,19,21
obliged,2,1
editions,1,1
was,99,144
sea,',1,1
happy,1,1
round.,2,0
head,11,26
only,32,35
'That's,6,9
bat!,1,0
offer,2,2
something,12,13
free,,1,1
throat!',1,1
bat,,1,1
face--and,1,1
scratching,1,1
'I'm,11,11
didn't!',2,2
LOVE).,1,0
hear,9,10
shall!',1,1
heap,1,1
same,,1,2
'I'd,3,3
hands,,2,3
hall.,1,0
hall,,5,4
flavour,1,1
claws,,1,1
else's,1,1
'--for,1,1
them--all,1,1
cook,,1,2
until,4,3
'I'M,0,1
'That,3,6
raving,1,2
hall:,1,1
hall;,1,1
'Look,1,1
wait,,1,1
unusually,1,1
more,26,29
temper,1,1
curious,,1,1
'Boots,1,1
remarked,,2,2
proved,2,2
sticks,1,1
screaming,1,1
dry,,1,1
chanced,1,1
upset,2,1
besides,,1,1
history,1,1
TWO,1,1
muscular,1,1
hungry,2,2
howling,3,3
happens!',1,1
guessed,2,3
die.,1,0
promised,1,1
beauti--FUL,1,1
curious,8,15
rude.',1,1
yourself.',2,2
song,,2,4
song.,1,0
soup!',1,1
seems,',1,1
Only,1,1
no,33,42
'"Miss,1,1
sugar,1,1
prizes.',1,1
generally,5,4
something,,1,1
handed,2,3
hurry,,1,1
vanished.,1,0
hurry.,2,0
setting,1,1
'Yes,',2,1
holding,2,2
clubs;,1,1
tie,1,1
vanished,3,3
murder,1,1
shrink,1,1
officers:,1,1
BEE,",1,1
spot.',1,1
pronounced,1,1
"William,0,1
'Silence!',1,1
welcome,1,1
modern,,1,1
'I've,4,11
let's,2,2
fell,4,6
hedge!',1,1
'a,2,2
Duchess,2,11
wits!',1,1
stick,,2,2
sorrow,,1,1
inkstand,1,1
unlocking,1,1
died,1,1
fur.,1,0
not.,1,0
banks,,1,1
cheated,1,1
sisters--they,1,1
drinking.,1,0
cucumber-frames,1,1
moved,4,4
uglifying!',1,1
together,2,2
grunted,,1,1
beds,1,1
longed,2,1
slates'll,1,1
saying,,3,3
'A,4,8
time,19,24
'O,1,1
treading,2,1
'Each,1,1
'I,66,61
Footman's,1,1
'No,',1,1
Nobody,0,1
managed,3,2
'unless,1,1
remarkable,2,2
MYSELF,,1,1
dance,2,2
untwist,1,1
keep,7,8
rudeness,1,1
sour--and,1,1
invent,1,1
'Would,0,3
crocodile,1,1
you've,5,5
scream,,1,1
continued,,2,2
mouse--O,1,1
rosetree;,1,1
milk,1,1
row,1,1
turn;,1,1
certainly,6,7
tea;,1,1
cause,,1,1
uncomfortable.,2,0
'Dinah's,1,1
Lobster;,1,1
Exactly,1,1
ONE,,1,1
witness.,1,0
passage,1,1
accounting,1,1
answered,3,3
speak--and,1,1
unpleasant,2,2
mouse--a,1,1
tea,,1,1
word,,2,2
is--"Be,1,1
month,,1,1
sing,1,3
must,23,13
slowly,,2,2
jogged,1,1
fancied,2,2
brown,1,1
verdict,',2,2
particular;,1,1
we've,2,2
advantage,2,2
is!',2,3
one,,6,5
child:,1,1
child;,1,1
coming!',1,1
keeping,2,2
party.,1,0
tarts,3,3
execution--once,1,1
stays,1,1
cook,2,7
word,6,7
trouble,4,4
child,,1,1
feeble,1,1
minute,4,4
cool,2,2
'Ugh!',1,1
sighed,4,3
best.,1,0
Just,4,3
presented,1,1
did,24,12
whiskers,,1,1
dig,1,1
accidentally,1,1
Atheling,1,1
won?',1,1
WILL,3,3
'Somebody,1,1
settle,1,1
quick,1,1
instead!',1,1
"You,1,2
round,22,17
this?',1,1
it'll,5,6
'Swim,1,1
prevent,1,1
appear,,1,1
brave,1,1
says,4,4
sneezes:,1,1
either!',1,1
too,',1,1
M,,1,1
else.,2,0
man.',1,1
'really,1,1
sign,1,1
sing,',1,1
nose--,1,1
Why,,1,4
cost,1,1
dried,1,1
Soup,,1,1
hair!,1,0
eating,1,1
helpless,1,1
nothing:,1,1
hoarse,2,2
Hare,),1,1
saying.',1,1
irritated,1,1
true,',1,1
sleepy;,1,1
appear,1,1
works!',1,1
shiny?',1,1
downwards,,1,1
repeated,,2,2
pleased,4,4
'he,2,2
Mabel,,2,2
sleepy,,1,1
goes,7,7
saw.,1,0
'Once,',0,1
reply,1,1
falling,2,2
ground,1,2
live.,1,0
filled,3,2
'Fifteenth,',0,1
other--Bill!,1,0
grin.',1,1
dish?,1,0
jury,4,7
else"--but,,1,1
old,,1,1
X.,1,0
afterwards,,1,1
trouble!',1,1
Tortoise,1,1
water,2,2
sorry,1,1
sigh,,1,1
yards,1,1
English,1,1
alone,2,2
say--that's,1,1
along,5,3
say,,5,5
the--',1,1
change,4,5
though.,1,0
box,3,3
sending,2,2
here?,2,0
Writhing,,1,1
trials,,1,1
For,,1,1
lazy,1,1
EVER,1,1
finger,,1,1
mostly,',1,1
wherever,2,2
fancy--Who's,1,1
triumphantly,,1,1
'Stolen!',0,1
trial,3,4
low-spirited.,1,0
here.,2,0
here,,5,6
usually,2,2
ancient,1,1
here!,2,0
see,',1,1
none,,1,1
tomorrow--',1,1
father,,1,1
ground.',1,1
hedgehog,,1,1
Said,4,4
time,',5,3
morals,1,1
myself,,1,1
crimson,2,2
It's,0,6
merely,2,1
follow,,1,1
When,3,4
Soo--oop!,1,0
marked,5,4
housemaid,',1,1
puffed,1,1
Therefore,0,1
be.',1,1
Lory,2,3
barley-sugar,1,1
swallowed,1,1
scaly,1,1
stingy,1,1
it,',13,4
mouse,,2,3
said,),1,1
driest,1,1
angry,2,3
wood.,2,0
ever,',2,2
it,),1,1
mouse?,1,0
wood,1,2
tea,',3,2
somersault,1,1
wondering,6,7
mouse:,1,1
again--"BEFORE,1,1
Those,1,1
loving,1,1
over!',3,3
roared,1,1
entrance,1,1
flung,1,1
garden--how,1,1
Geography.,1,0
triumphantly.,1,0
share,1,1
nearer,,1,1
race-course,,1,1
I--',0,1
bread-and-butter--',1,1
three,,1,1
"Edwin,0,1
ignorant,1,1
doubled-up,1,1
timidly;,1,1
WONDERLAND,1,1
moral,,1,1
cats:,1,1
'Dear,,1,1
already,1,1
serpent.,1,0
fly,1,1
and,,19,10
deserved,1,1
stoop?,1,0
liked.',1,1
pretend,1,1
PLEASE,1,1
wrong,,2,2
Down,0,1
soup,1,1
can,12,24
THEN--she,1,1
growing,6,6
making,6,6
readily:,1,1
indignant,1,1
slightest,1,1
hours,,1,1
heart,2,2
anxiously.,1,0
fellow?',1,1
nursing,3,3
window?',1,1
whatever,',1,1
didn't,6,8
confused,3,3
'she's,1,1
paused,1,1
heard,14,14
(Before,1,1
please:,1,1
chin,3,4
dropped,4,4
locks,,1,1
next,,2,2
one--but,1,1
stole,1,1
YOUR,6,7
pink,1,1
conquest.,1,0
'--I,0,1
'Can,0,1
BE,1,1
winter,1,1
removed!',1,1
fortunately,1,1
'poison,',1,2
Who,1,6
boldly:,1,1
nose;,1,1
thunder,,1,1
write,3,5
till,18,8
unjust,1,1
candle.,1,0
'Reeling,0,1
nose.,1,0
wandering,,1,1
nose,,2,3
MARMALADE',,1,1
crossly:,1,1
Tortoise--',1,1
frog;,1,1
mournfully.,1,0
listen.,1,0
stood,4,6
way--never,1,1
tea--',1,1
'By-the-bye,,0,1
may,8,10
Always,0,1
dive,1,1
baby--the,1,1
lock,,1,1
grass,,2,2
'Stupid,1,1
sister;,1,1
birthday,1,1
tipped,1,1
mad,5,5
bit,',1,2
such,28,13
chimney!',1,1
OUTSIDE.',1,1
about!',1,1
true.),1,1
hopeful,1,1
man,1,1
first.',1,1
scrambling,1,1
YOU,,1,1
natural,2,3
different.,1,0
speak.,1,0
different,,1,1
stupidly,1,1
'Exactly,0,1
'Hjckrrh!',1,1
flying,1,1
'to,3,4
tale,1,1
keep,,1,1
think.',1,1
'Why?',1,2
so,82,59
silence,3,3
agony,1,1
offend,1,1
'Poor,0,1
pulled,1,1
talk,7,6
recognised,1,1
curious!',1,1
himself:,1,1
'Oh,2,2
seeing,1,1
off?',1,1
indeed,3,3
pointed,1,1
tail,,3,3
soup,,1,1
no!,2,0
Turtle;,1,1
Turtle:,1,3
course,3,7
SOMEWHERE,',1,1
'You'd,1,1
conversation.,3,0
quarrelled,1,1
shake,1,1
'Ou,1,1
others!',1,1
White,3,5
still,11,9
tail;,1,1
birds,6,6
adding,,1,1
beheading,1,1
limbs,1,1
yawning,1,1
thank,1,1
curly,1,1
Frog-Footman,1,1
interesting,3,3
distance,1,1
did.,1,0
curls,1,1
'Just,0,2
engraved,1,1
'Bring,1,1
corner,,2,2
won,,1,1
didn't,',1,1
air:,1,1
happened,3,2
roses,1,1
lonely,2,2
thoughtfully.,2,0
win,,1,1
tucked,2,3
'Mary,0,1
conversations,1,1
indeed!',6,2
sooner,2,2
bound,1,1
underneath,1,1
EVEN,1,1
argue.,1,0
reality--the,1,1
tails,1,2
She,15,19
'Where's,1,1
half,19,14
not,31,68
now,16,17
hall,1,1
nor,2,2
"Let,1,1
execute,1,1
shouted,9,5
name,4,7
guinea-pigs!',1,1
see--how,1,1
eat",1,1
drop,1,1
wrote,3,2
done,',2,2
soon.,1,0
Dodo,,2,3
Dodo.,1,0
beginning!',1,1
then!--Bill's,1,1
scolded,1,1
entirely,2,2
creature,2,2
crazy!',1,1
next.,1,0
fourth.',1,1
up,',2,2
Zealand,1,1
overhead;,1,1
Knave,,1,1
beheaded!',1,2
pardon!',1,3
Caucus-race?',1,1
hurried,10,10
ALL,1,2
HIS,1,1
dinner!',1,1
NOT!',1,1
catching,1,2
begun,4,4
butter,,1,1
milk-jug,1,1
happen,4,3
anything,,1,1
small,,1,1
surprise,1,1
small.,1,0
tougher,1,1
living,1,1
yet!',1,1
Drawling,,1,1
opened,8,7
could,,2,4
feathers,,1,1
concert,1,1
abide,1,1
hastily,6,6
looking,20,15
miles,3,3
shouldn't,4,5
VIII.,1,0
Lobster,3,3
Ma!',1,1
remarks,',1,1
nothing,,2,2
'Hush!,1,0
eggs,,2,3
interesting.,1,0
interesting,,1,1
happen,',1,1
Duchess,',1,1
fire,,1,3
quite,33,40
bringing,3,3
directions,,1,2
bite.,1,0
Either,0,1
Knave,2,5
One,0,1
hedgehogs,,1,1
learn?',1,1
jelly-fish,1,1
you?',6,6
care,4,3
happening.,1,0
advance,1,1
singers.,1,0
mad.',3,3
found:,1,1
unrolled,2,2
reasonable,1,1
protection.,1,0
honest,1,1
night-air,1,1
thing,18,23
jumping,4,3
place,4,5
mine--a,1,1
invitation,1,2
splash!,1,0
swim.,1,0
think,16,17
waited,5,7
first,11,24
Even,0,1
if--if,1,1
'Write,0,1
'Talking,1,1
day.',1,1
WHAT?',2,2
spoken,1,1
executioner's,1,1
eye;,1,2
There,4,6
subject,',1,1
but,,6,5
way--',1,1
merrily,1,1
child-life,,1,1
fast,4,4
thing!',5,4
temper.,1,0
impossible,2,1
sounds,3,3
Elsie,,1,1
open,4,6
appealed,1,1
'em,3,3
cheerfully,1,1
friend.,1,0
received,1,1
little,34,86
II.,1,0
checked,3,2
silent,2,2
'Nothing,0,3
arch,1,1
caught,3,2
again!',7,7
trampled,1,1
something!',1,1
'Ah,,2,2
cards:,1,1
Tillie;,1,1
life!',1,2
'Ah!,1,0
white,5,2
Five.,1,0
newspapers,,1,1
mind,',1,1
speaking,2,1
WASHING--extra."',1,1
yet,',4,2
eyes,11,16
ache!',1,1
on.,4,0
on,,9,26
that,145,101
curiouser!',1,1
spoke,,2,3
nothing.',1,1
much,,2,2
much.,1,0
snatch,2,1
on:,1,2
on;,1,1
alas,1,1
left,,1,1
on?,1,0
cheered,,2,1
contemptuously.,2,0
flowers,2,1
than,16,19
so.',1,1
end!,1,0
sight.,1,0
bit,,2,2
Alice:,2,7
us,',1,1
sea.',1,1
here?',4,4
treacle-well.',1,1
'Take,1,2
within--a,1,1
courtiers,,1,1
earth!,1,0
asking,,1,1
venture,2,1
were,47,64
HEARTHRUG,,0,1
asking!,1,0
dunce?,1,0
directed,2,2
earth.,1,0
hers--she,1,1
way?',,1,1
and,507,328
thought),,1,1
addressing,1,1
rate,',1,1
tasted,2,2
remained,3,3
might,,1,1
I!',1,2
asleep,',1,1
turned,12,14
round,,7,6
him,),1,1
(and,1,1
fall,,1,1
maybe,',1,1
say,13,31
ink,,1,1
gardeners,,3,4
'It's--it's,0,1
Footman,2,4
anger,1,1
now!',3,3
coming.,2,0
themselves,2,2
saw,7,11
any,24,28
'Why,',1,1
sat,12,8
law,,1,1
Do,1,3
cucumber-frame,,1,1
Coils.',1,1
right?',1,1
Lizard's,1,1
story,',1,1
Will,0,1
wandered,2,1
what?,1,0
grinned;,1,1
woman--but,1,1
take,15,15
law:,1,1
'Oh!,2,0
window.',1,1
'Oh,,7,15
bad,,1,1
salmon,,1,1
cheeks,,1,1
closer,1,1
begin,2,6
sure,11,11
straightening,1,1
voice:,1,1
voice;,2,1
currants.,1,0
stuff,',1,1
neatly,2,2
clearer,1,1
so,,6,5
voice,,11,14
voice.,10,0
printed,1,1
music,,1,1
pair,3,1
knee,1,1
serpent?',1,1
so.,2,0
impossible.,1,0
pencils,1,1
"With,1,1
strength,,1,1
something;,1,1
fills,1,1
considered,3,2
proud,2,2
steady,1,1
drive,1,1
where.',1,1
Rome--no,,1,1
'Treacle,',0,1
somebody.',1,1
say.',2,2
reminding,1,1
'without,1,1
stockings,1,1
not,,4,3
say.),1,1
salt,2,2
trembled,2,2
downward!,1,0
alone.,1,0
were.,1,0
'Who,2,4
walking,3,5
otherwise,2,1
honour,,1,1
show,3,3
"He's,1,1
middle.,1,0
'Tut,,0,1
cheap,1,1
pig,',2,2
while,,3,4
honour:,1,1
bright,5,6
denial;,1,1
Hatter,4,19
must,',1,1
'Why,5,6
corner,1,1
narrow,,1,1
'Keep,0,1
'ORANGE,1,1
curled,2,2
teacup,2,3
We,1,1
BUSY,1,1
busily,4,4
flamingo.,1,0
'An,1,1
seen:,1,1
teases.',1,1
'She's,2,2
queerest,1,1
histories,1,1
XI.,1,0
coaxing,1,1
tears,3,4
going,16,12
weeks!',1,1
cutting,',1,1
'unimportant.',1,1
passing,1,1
watching,3,3
juror,1,1
shrill,3,3
effect,,1,1
seen,,1,1
dispute,2,2
Dormouse!,1,0
'Wow!,1,0
usual,,1,1
cherry-tart,,1,1
usual.,1,0
get,21,27
'tis,2,1
beak--,1,1
hiss,1,1
HAD,1,1
Dormouse,,1,5
Dormouse.,1,0
bed!',1,1
comfits,,1,1
state,1,1
nearly,8,8
late!',1,1
'Chorus,1,1
Dormouse;,1,2
Dormouse:,1,1
invented,1,1
reading,2,2
next!,1,0
Sends,1,1
off,',1,1
seldom,1,1
Soup!',1,1
Him,,1,1
turns,,2,2
morning,1,1
tea-party,1,1
hoped),1,1
stupid,1,1
telescopes:,1,1
moment!',1,1
finishing,1,1
where,7,6
everything's,1,1
sharply.,1,0
suppressed.,1,0
any,',1,1
declared,1,1
crumbs,1,1
burst,1,1
hurt,,1,1
sharply,,1,1
fanned,1,1
Soon,1,1
asleep,4,4
course.',1,1
paws.,1,0
'There,3,4
One,',1,1
'Wake,0,1
wonder,7,7
whiting.,1,0
come,,2,2
knocked.,1,0
all.',2,2
That,2,3
ways,1,1
jumped,4,3
remarking,,1,1
axis--',1,1
label,1,1
relief.,1,0
to--',1,1
behind,7,11
"Twinkle,,1,1
slates,,1,3
Caterpillar.,1,0
cautiously,1,2
Majesty?',1,1
THAT'S,3,3
man,,1,1
across,5,4
Caucus-race.',1,1
whispered,4,3
fight,2,2
notice,5,2
Caterpillar,,1,2
meat,,1,1
"YOU,1,1
rattle,1,1
chorus,,1,1
declare,,1,1
are!',1,1
bats?',1,1
throat,',1,1
together."',1,1
killing,1,1
lefthand,1,2
is--"Oh,,1,1
day!',1,1
(luckily,1,1
sea,,1,3
singers,1,1
child?',1,1
come,13,15
'No,1,1
croqueted,1,1
alive!',1,1
blame,1,1
dates,1,1
way?,1,0
(Alice,3,3
moon,,1,1
many,6,12
stupidest,1,1
quiet,2,2
But,,2,2
follows,1,2
personal,2,2
loudly,2,2
disappointment,1,1
way,,6,5
farmer,,1,1
spoon:,1,1
way!,1,0
expression,1,1
'Hadn't,1,1
can't,11,21
sea.,2,0
'The,7,14
among,12,5
loveliest,1,1
Turtle's,1,2
sulky,1,2
like.',1,1
within,1,1
('which,1,1
side,,3,3
pop,1,1
yawning.,1,0
reading,,1,1
stretched,2,2
couldn't,7,8
see"!',1,1
constant,2,2
part.',1,1
custody,2,2
considering,3,3
rock,,1,1
Pepper,1,1
hot-tempered,',1,1
shriek,,2,2
cares,2,1
able!,1,0
queer-shaped,1,1
But,7,12
mark,2,2
head--Brandy,1,1
Luckily,1,1
rabbits.,1,0
punished,1,1
judging,1,1
hardly,10,10
wants,2,2
that--only,1,1
direction,1,2
grin,',1,1
'Soles,0,1
thousand,2,2
tea-tray,1,1
"Coming,1,1
with,',1,2
flurry,1,1
Cat,,2,6
tea--not,1,1
Adventures,1,1
crumbs,',1,1
not';,1,1
plan.',1,1
those,9,9
case,4,3
breathe"!',1,1
myself,2,2
closed,2,2
too.',1,1
folding,1,1
"There's,0,1
these,10,9
"Keep,1,1
porpoise?"',1,1
sobbed,1,1
life;,1,1
disappeared.,1,0
ordered.,1,0
PERSONS,1,1
beheaded,,1,1
overcome,1,1
life!,1,0
Besides,,0,1
squeezed,1,1
life.,2,0
life,,2,2
invited,1,1
warning,',1,1
earnestly,,1,1
'Soo--oop,1,1
joys,,1,1
pig-baby,1,1
removed,',1,1
Edwin,0,1
know--and,1,1
engaged,1,1
tarts,,3,3
person,,1,1
fig?',1,1
middle,2,1
sudden,4,4
shrimp,1,1
graceful,1,1
heels,1,1
blasts,1,1
"How,1,1
worry,1,1
Forty-two.,1,0
doubtfully,,1,1
different,4,4
it.),2,2
I?,1,0
paw,1,1
it.',8,9
little,,1,3
Grammar,,1,1
same,3,16
well,',2,2
witness,',1,1
speech,1,1
I,,1,1
I.,1,0
don't!',1,1
likes.',1,1
comfits:,1,1
passage:,1,1
way.,3,0
King's,2,2
They're,0,1
finish,4,4
messages,2,2
flappers,,1,1
I,138,112
'creatures,',1,1
IS,5,5
'--or,0,1
IT,1,1
writing-desk?',1,1
stupid?',1,1
Soup,1,3
running,7,8
history.,1,0
reeds--the,1,1
IN,2,2
changing,2,2
Knave.,1,0
railway,1,1
complained,1,1
Owl,1,2
themselves."',1,1
impatiently,,1,1
hurry:,1,1
ear,,1,1
charges,1,1
hurry;,1,2
It,5,8
thing,',3,2
May,1,1
impatiently:,2,2
without,21,16
choice!',1,1
comes,1,1
bottle,5,6
In,1,3
shut.,1,0
'was,,1,1
circumstances.,1,0
'Prizes!,1,0
hid,1,1
If,1,3
executed.',1,1
You're,0,2
'"--found,1,1
certain!,1,0
THAT.,1,0
am,,1,1
together:,1,1
being,14,19
when,55,17
Seven,3,3
lobster--',1,1
rest,2,5
onions.',1,1
violent,1,2
growled,1,1
remark,,4,4
'Here!',1,1
'Ten,0,1
rule,,1,1
touch,1,1
flower-pot,1,1
(a,1,1
speed,1,1
asleep,,2,2
ask.',1,1
blow,2,2
'important,',1,1
rat-hole:,1,1
dipped,2,2
Her,0,3
hint,1,1
thinking,9,9
end,',1,1
Advice,0,1
then!',2,2
seems,4,1
except,4,2
civil,1,1
hoarse,,1,1
either,,2,2
suppressed,2,2
speech.,1,0
loudly.,1,0
to-day.',1,1
strange,,1,1
struck,2,2
ornamented,2,2
swim,1,1
baby?',1,1
Two!',1,1
sight;,1,1
down!',1,1
kills,1,1
cat!,1,0
read,7,9
be"--or,1,1
lowing,1,1
knocking,',2,2
Nile,1,1
dark,3,3
begin.',2,3
sight,,2,4
English,,1,1
all?',2,1
wife;,1,1
'Begin,0,1
world,3,6
earls,1,1
Magpie,1,1
lady,1,2
vague,1,1
dare,3,2
tremulous,1,1
boy,,2,2
eyes:,1,1
Beau--ootiful,0,1
pie-crust,,1,1
first,',2,2
draggled,1,1
'Shall,0,1
piece,4,2
slate.,1,0
butterfly,,1,1
seem,,1,1
London,0,1
either,4,5
all.,2,0
'"Will,1,1
passionate,1,1
reduced,1,1
together.,2,0
twelve,2,2
opened,,1,1
'It,11,16
trying.',1,1
learning,1,1
anxious.),1,1
bear?--Mind,1,1
plan!',1,1
lasted.),1,1
rose-tree,1,1
dream.,1,0
'If,8,9
'Yes!',0,1
lobster,1,1
done,,1,1
New,1,1
spectacles,,1,1
Mary,2,2
spectacles.,1,0
flamingo,,1,1
(Sounds,1,1
'that's,1,1
theirs,,1,1
king,',1,1
fright.,1,0
whiskers!',1,1
o'clock,3,3
pocket),1,1
"it",1,2
"much,1,1
'IF,0,1
crumbs.',1,1
week:,1,1
'First,1,1
expressing,1,1
be,',3,1
Imagine,0,1
knife,1,1
crown.,1,0
Queens,,1,1
muttered,2,2
think,,2,2
felt,7,10
round!"',1,1
also,,1,1
business,1,2
faintly,1,1
somewhere.',1,1
think!,1,0
'Why,,3,7
broken,4,5
think:,1,1
goose,,1,1
'You!',1,1
goose!,1,0
uglify,1,1
said--',3,3
suppose?',1,2
throw,3,3
'the,5,5
on,83,58
subdued,1,1
whistling.,1,0
livery:,1,1
oh,1,1
pleased.,1,0
of,251,226
pleased,,1,1
and--oh,2,2
on!",1,1
Pat,,1,1
livery,,1,1
stop.,1,0
stand,4,3
'important--unimportant--unimportant--important--',1,1
home;,1,1
mixed,2,2
waistcoat-pocket,,1,1
mean,5,6
out,,12,13
or,49,46
out.,2,0
liked,,1,2
game,',1,1
imitated,1,1
quietly,4,4
Kings,1,1
Heads,0,1
ridges,1,1
burning,1,1
No,0,2
trot,1,1
guinea-pig,1,1
up.',2,2
Alice!',1,1
morning?,1,0
PROVES,1,1
rising,1,1
'Sure,1,1
shock,1,1
music.',2,2
March,,1,1
begged,1,1
right,',3,1
shrinking,4,4
your,33,38
worried.,1,0
''Tis,1,2
first!',1,1
appeared,,3,2
her,95,138
NO,1,1
'After,0,1
tone,,12,14
there,29,15
guilt,',1,1
thump!,1,0
appeared;,1,1
cats,9,6
low,2,5
Conqueror.',1,1
jaws,1,1
prison,',1,1
attends,1,1
eyes--and,1,1
promise.,1,0
tone;,2,2
tone:,5,5
white;,1,1
Rabbit-Hole,1,1
you,,9,9
annoy,,1,1
enough,10,6
begin?',1,1
talk!',1,1
'lives,2,1
'advance,1,1
you!,2,0
you?,2,0
'Wouldn't,1,1
you:,1,1
white,,1,1
mice,3,3
trying,10,4
with,139,57
longer,2,2
again,',1,1
they're,8,9
rush,2,1
in?',1,3
timidly:,1,1
pace,',1,1
are!,1,0
wasn't,9,9
'shall,1,1
are,,2,2
caterpillar,,1,1
business?',1,1
cat.,1,0
brother's,1,1
do.",1,1
was.',1,1
tones,2,1
They,4,5
stand,,1,1
Cat,',1,1
is,',2,1
faces,,1,2
are;,1,1
faces.,1,0
HIM,2,2
gone,6,9
mind.',1,1
idea,',1,1
words:,2,2
fright,1,1
pity.,1,0
taste,2,2
certain,2,2
THEY,1,1
am,8,8
alone!',1,1
deep,3,4
general,2,3
present!',1,1
How,3,9
as,152,60
words,,1,1
hearts.,1,0
at,132,64
belt,1,1
watched,2,1
tastes!,1,0
now--but,1,1
noticing,1,1
courtiers;,1,1
him--it,1,1
again,10,12
voice:--,1,1
managing,1,1
rubbed,1,1
'they'd,1,1
farther,1,1
back,,4,3
'are,2,2
courage.,1,0
field,1,1
wonder?',1,3
wet,,1,1
William,',1,1
Involved,1,1
instantly,2,3
you,146,134
really,9,9
began:--,1,1
At,3,2
oh,,2,3
won't!',1,1
to--to,1,1
Hatter;,1,1
Hatter:,2,6
move.,1,0
inquired,1,1
uncorked,1,1
twinkled,1,1
THERE,1,1
contradicted,1,1
oh!,2,0
boy--and,1,1
waving,5,4
Hatter.,1,0
important,3,3
itself,,3,3
COURT.',1,1
itself.,1,0
youth,',1,2
velvet,1,1
brass,1,1
unless,1,1
'SHE,1,1
pool,2,6
missed,2,2
'Pepper,,1,1
it),,2,1
Majesty,2,2
OURS,1,1
evening,,1,1
sobbing,2,2
tricks,1,1
frying-pan,1,1
M?',1,1
sharks,1,1
having,7,9
jumped;,1,1
sixpence.,1,0
week,2,2
bread-and-butter,,1,1
Off--',0,1
adventures.',1,1
once,11,14
from?',1,1
undertone,1,1
does.',1,1
all,91,90
finished,,2,2
(it,4,3
forget,2,2
pointing,3,1
SIT,1,1
caused,2,2
crept,1,1
son,,1,1
'explanations,1,1
month,1,1
Take,0,1
smoking,2,2
dish,3,3
follow,1,1
faster,1,1
children,5,4
more--As,1,1
content,1,1
ravens,1,1
red-hot,1,1
hunting,3,3
WAS,4,3
bone,1,1
laid,2,2
humbly:,1,1
(pointing,1,1
high,',2,2
to,310,267
tail,2,2
present,1,1
pence.,1,0
them!',5,5
footsteps,,1,1
remedies--',1,1
'ARE,0,1
sound,3,2
ears--',1,1
flamingo:,1,1
worse,2,2
'Call,1,2
sitting,5,5
very,59,91
'Hold,2,1
song,1,1
worm.,1,0
distance--but,1,1
'stupid,',1,1
I'd,6,7
fan,4,3
minded,1,1
hatching,1,1
fall,4,6
I'm,25,26
last:,1,1
common,1,1
altered.',1,1
size,,1,1
washing,1,1
think?',1,2
Don't,0,3
voices--'Hold,1,1
dreamed,1,1
broken.,1,0
joined,2,2
Canary,1,1
startled,1,2
large,11,30
again:--,1,2
sand,1,1
mile,1,1
form,1,1
lessen,1,1
small,8,8
'Off,3,1
wearily.,1,0
familiarly,1,1
say,',3,3
then.',2,2
song?',1,1
rats,1,1
know--',1,4
ten,5,5
direction,,1,1
tea,5,5
Number,1,1
past,1,1
answer,,1,1
rate,1,4
answer.,1,0
knew),1,1
this,',1,1
further,1,1
ourselves,,1,1
Gryphon;,1,1
bit!',1,1
'Let,2,3
returned,1,1
creatures,4,6
grinning,1,1
what,51,38
Latin,1,1
him:,3,3
darkness,1,1
clock,1,1
deeply,1,1
stool,1,1
Ma'am,,1,1
stoop,1,1
paper.,1,0
him,,4,3
Rabbit's,1,3
hedgehogs;,1,1
nurse,1,1
think!',1,1
wider.,1,0
creature,,2,2
cries,1,1
full,6,3
mouths--and,1,1
snail.,1,0
loose,1,1
dodged,1,1
dance?"',1,1
bite,',1,1
affectionately,1,1
day--',1,1
directions,1,1
knife,,1,1
Shakespeare,,1,1
Silence,0,1
'Nothing,',0,1
branches,,1,1
search,1,1
SAID,1,1
ridiculous,1,1
'When,0,3
extraordinary,2,2
stretching,1,1
chatte?',1,1
earnestly.,1,0
yourself,,1,1
soldier,1,1
off.',1,1
'UNimportant,,1,2
refreshments!',1,1
must,,1,1
'Idiot!',0,1
murdering,1,1
narrow,1,1
business!',2,2
business,',1,1
followed,8,8
family,1,1
suddenly,8,8
'Stand,0,1
imagine,1,1
usurpation,1,1
put,20,17
Tears,1,1
shifting,1,1
lines!',1,1
Hush!',0,1
toys,1,1
'Well!',0,1
thatched,1,1
know,,3,7
story.,1,0
RED,1,1
guess,,1,1
afterwards.',1,1
eye,3,3
takes,2,2
joined):--,1,1
injure,1,1
frontispiece,1,1
faint,1,1
washing?',1,1
two,11,17
vote,1,1
all,',1,1
Gryphon:,1,2
thirteen,,1,1
twinkle--',1,1
slate-pencil,,1,1
prizes?',1,1
wine,',2,2
'Nearly,0,1
taken,3,4
tea.,1,0
kick,2,2
rubbing,2,2
possible,1,1
OUT,1,1
flat,1,1
wretched,2,2
down:,1,1
door,4,13
knows,2,2
fact.',1,1
table,',1,1
'Then,,0,1
company,1,1
line,1,1
Paris,,1,1
arm-in-arm,1,1
'He,1,4
ate,1,1
So,12,5
beginning,',1,1
broke,1,2
particular,1,1
known,1,1
home?',1,1
hurry,3,2
producing,1,1
glad,5,8
cunning,1,1
gazing,1,1
none,3,1
puppy's,1,1
hour,1,1
croquet?',1,1
sulkily,2,2
began,,5,3
pigs,,1,1
ADVENTURES,1,1
nothing;,1,1
this:--,2,2
besides,1,1
offended,4,4
remain,1,1
pressing,1,1
nine,4,3
arches.,1,0
learn,4,4
after-time,,1,1
things?',1,1
nothing.,1,0
pleases!',1,1
cackled,1,1
mouse--of,1,1
beautiful,5,5
hedgehog.,1,0
(with,1,1
feebly,1,1
Rome,,1,1
rustled,1,1
needn't,3,2
like,',1,1
fury,,1,1
'To,1,1
'Seven,1,1
'crumbs,1,1
disobey,,1,1
CAN,4,3
sense,1,1
sharp,5,5
plan,,1,1
'She,1,2
without--Maybe,1,1
nodded.,1,0
condemn,1,1
dear!,7,0
needs,1,1
person!',1,1
court,3,4
players,,2,2
that?--It,1,1
bank,,1,2
rather,21,22
indeed,',2,1
someone,1,1
maps,1,1
'Pray,0,1
footman,2,2
THROUGH,1,1
'EVERYBODY,1,1
to,',1,1
plates,1,1
Improve,1,1
tide,1,1
skurried,1,1
SOMEBODY,1,1
tried,5,8
suppose,4,7
fancy,,2,1
never!,1,0
LESS,',1,1
'Who's,0,1
with.',1,1
purring,1,1
coming,4,5
gardeners,1,3
HIGH,1,1
pleaded,2,2
growl,1,1
hedgehogs,1,1
a,191,371
wig,,1,1
short,4,4
brown,,1,1
crowded,3,3
Majesty!',1,1
loud,3,3
for?',1,1
'Thank,3,2
by--the,1,1
eats,1,1
porpoise,1,1
'what,2,2
though,,1,1
pleasure,2,2
swim,,1,1
dream,3,3
playing,2,2
'Repeat,,0,1
that's,10,9
replied,8,8
'Behead,0,1
What,2,4
would,,1,1
help,6,7
memorandum,1,1
don't,14,30
incessantly,1,1
bread-knife.',1,1
soon,11,13
held,3,4
Ada,',1,1
paper,3,3
through,10,6
'--and,1,2
tut,,1,1
smiling,2,2
a-piece,1,1
its,34,40
roots,1,1
FIT--",1,1
nose';,1,1
fanning,1,1
Classics,1,1
March,4,5
truth:,1,1
already,,1,1
exact,1,1
'Sentence,0,1
buttercup,1,1
"--SAID,0,1
course,,3,5
actually,1,1
late,3,3
strange,4,4
knee.,1,0
attended,1,1
remarked,1,1
in:,1,1
course;,1,1
might,12,20
'"WE,1,1
haven't,4,6
arguments,1,1
it.,14,0
it,,20,22
good,8,15
somebody,3,3
little.,1,0
'why,2,2
resource,,1,1
little!,1,0
you,',5,3
"poison",1,1
civil,,1,1
things--everything,1,1
it!,1,0
itself,),1,1
look-out,1,1
day:,1,1
it:,8,8
it;,6,6
foot,3,5
whiskers!,1,0
star-fish,',1,1
passage,,2,2
cakes,,1,1
jury,",1,1
easily,2,3
say?',1,1
had!',1,1
all!,1,0
wash,2,2
always,11,10
all,,2,3
fluttered,1,1
severity;,1,1
sky-rocket!',1,1
right-hand,1,1
stopped,3,3
eager,3,3
twice,,2,3
turns,1,1
found,11,16
repeating,3,3
difficult,1,2
all;,1,2
all:,2,2
isn't,4,5
pleasanter,1,1
heavy,2,2
pitied,1,1
harm,1,1
her,',1,1
solemnly,,1,1
solemnly.,1,0
house,3,8
fish,2,2
hard,6,6
idea,9,7
house,,4,6
Waiting,1,1
course,',2,3
roof.,1,0
Alice)--'and,1,1
THAT!',1,1
late,,1,1
as,,1,2
leave,3,4
given,1,1
dreadful,1,1
ESQ.,1,0
wondered,1,1
rearing,1,1
smaller,,3,2
verse,',2,2
sensation,,1,1
since,4,4
pigeon,1,1
"'TIS,1,1
FENDER,,1,1
then?',1,1
end.',1,1
they'll,3,3
paws!,1,0
Laughing,1,1
Crab,,1,1
thimble,',1,1
low.,1,0
spoke--fancy,1,1
voice--the,1,1
crouched,1,1
scroll,,1,1
upon,21,16
story,2,2
pleasant,1,1
difficulty,2,2
cross,,1,1
tale,,1,1
say!',1,1
SHE,1,1
jaw,,1,1
III.,1,0
ask,3,7
'Yes,,4,6
bend,,1,1
rises,1,1
beginning,5,5
Shark,,1,1
thrown,1,1
Turtle,,1,7
pairs,1,1
dear:,1,1
curtsey,1,1
corner--No,,1,1
'All,2,2
INSIDE,,1,1
(Dinah,1,1
terribly,1,1
feelings.,1,0
expecting,3,3
Hearts,,1,5
leading,1,1
mark;,1,1
fallen,3,2
dear,,4,6
yours."',1,1
sure;,1,1
interrupted:,1,1
slipped,2,2
dance,',1,1
feel,5,6
whisper.),1,1
been,,1,1
clapping,1,1
number,2,1
fancy,2,2
feet,7,7
mad--at,1,1
interrupted,,2,2
done,8,9
shilling,1,1
minutes.,1,0
sneezes;,1,1
miss,1,1
book-shelves;,1,1
you'd,6,6
guess,2,2
heads,4,7
suddenly,,1,1
flock,1,1
THESE?',1,1
twenty,1,1
different,',1,1
frowning,,1,1
least,6,6
pity!"?',1,1
paint,1,1
suddenly:,2,2
never-ending,1,1
passed,4,3
beloved,1,1
hundred,1,1
suppose,,1,1
recovered,2,2
off).,1,0
executioner,,1,1
bowed,3,3
'flamingoes,1,1
first,,5,6
first.,1,0
relieved,1,1
uncommonly,1,1
Puss,',1,1
immediate,1,1
procession,1,2
first;,2,2
Long,1,1
executioner:,1,1
knot!',1,1
believe,6,7
whiting,2,3
'VERY,1,1
knot,,1,1
_I_,1,2
sell,',1,1
kind,5,2
grew,1,1
kindly,1,1
double,1,1
custard,,1,1
grey,1,1
find?',1,1
alive;,1,1
for.',1,1
finished,',1,1
stalk,1,1
head!,1,0
pause:,1,1
English);,1,1
crawling,1,1
hot,,1,1
fellow?,1,0
declare,1,1
beast,,1,1
executioner,1,3
fish,,1,1
gloves:,1,1
all!',1,1
uncomfortable,1,1
happens;,1,1
doubtfully:,1,1
dainties,1,1
Father,2,2
it--once,1,1
livery,1,1
'only,1,1
solemnly,2,2
COULD,3,3
for?"',1,1
about;,1,1
before,',3,2
grand,,1,1
fading,1,1
sell,1,1
lie,1,1
Soup!,2,0
dancing,1,1
fashion,,1,1
here!',1,1
commotion,1,1
this),,1,1
lit,1,1
swallowing,1,1
least--at,1,1
mouse-traps,,1,1
feet!',1,1
window,,1,3
finding,3,3
did:,1,1
day.,1,0
With,2,2
hookah,,1,1
understand.,1,0
play,4,6
added,15,10
fairly,',1,1
talking!',1,1
VERY,6,12
eggs,1,1
reach,4,4
most,4,8
age,,2,2
plan,1,1
eaten,1,1
nothing,17,12
The,33,55
'Drive,1,1
extremely,1,1
tongue,,1,1
day-school,,1,1
which),,1,1
FROM,1,1
'Perhaps,2,2
again.),1,1
clear,2,2
sometimes,3,4
WATCH,1,1
execution.,1,0
night?,1,0
footmen,,1,1
quarrel,1,1
poured,1,1
clean,1,1
furiously,,1,1
mind!',1,1
pegs.,1,0
usual,1,1
daresay,1,1
cannot,1,1
lying,6,5
little--"',1,1
to-day!,1,0
believe.',1,1
'Does,0,2
summer,2,2
fond,3,2
gravely.,1,0
spades,,1,1
(For,,1,1
that!,2,0
'Up,,1,1
tree.,1,0
dogs.',1,1
me?,1,0
Has,1,1
fine,2,2
find,6,12
know?',2,2
Poor,0,1
with,,1,1
with.,1,0
eels,,1,1
buttons,,1,1
grazed,1,1
justice,1,1
nervous,3,3
sharing,1,1
(We,1,1
Rabbit;,1,1
shan't!,1,0
French,3,3
beasts,,1,1
am!,1,0
Caterpillar,3,10
ran;,1,1
with;,1,1
encouraged,1,1
Rabbit.,1,0
Seven.,1,0
Rabbit,,2,7
(Which,1,2
Pool,1,1
lazily,1,1
'We,2,8
IT,',1,1
his,58,81
hit,2,2
rose,1,1
meanwhile,1,1
bend,1,1
rule:,1,1
capital,2,2
THIS!',1,1
fancying,1,1
they'd,3,3
won't',1,1
courage,1,1
invited,',1,1
breath.",1,1
pretending,1,1
shared,1,1
journey,,1,1
won't,,1,1
doing?',1,1
'Here!,1,0
him,18,19
chimney,1,2
cold,1,1
lobsters,,3,3
creatures.,1,0
like!',1,1
Suddenly,0,1
guinea-pigs,1,1
cry,2,3
order,',1,1
'they're,1,1
birds!,1,0
gloves,3,4
Mabel!,1,0
kill,1,1
you!',2,3
nibbled,2,2
secondly,,2,1
Soo--oop,0,1
growls,1,1
upset,,1,1
set,9,8
For,7,8
mischief,,1,1
throwing,2,2
tree,2,2
'Shy,,0,1
kindly,,1,1
persisted.,1,0
head:,1,1
arches,3,3
sheep-bells,,1,1
see,17,24
hoarsely,1,1
are,24,26
thistle,1,1
Queen,4,23
close,10,4
bark,2,2
queer,,1,1
arm,7,7
feared,1,1
learnt,2,2
'Hand,0,1
'With,1,1
Wonderland,,1,1
pictures,4,3
hungry,,1,1
down--Here,,1,1
please,6,3
height.,1,0
kitchen.,1,0
smallest,1,2
various,1,1
know.',1,7
secret,,1,1
book,',2,2
eyelids,,1,1
Tortoise,,1,1
at!",1,1
kneel,1,1
wide,1,1
knowing,2,2
Oh,,0,3
upstairs,,1,1
fish)--and,1,1
Prizes!',0,1
timidly,2,2
'Where,0,1
days.,1,0
there,',2,2
head.,4,0
mustard,2,2
mouse--to,1,1
'he's,1,1
fan!,1,0
both,9,13
head,,2,3
last,7,17
Alice;,4,12
riddles,1,1
better';,1,1
wouldn't,8,10
fan,,1,1
rate:,1,1
Alice.,12,0
learn!,1,0
Alice,,14,46
became,2,2
forgotten,5,4
clasped,1,1
however,,6,4
whole,1,10
finds,1,1
knee,,3,2
Alice!,3,0
sentenced,1,1
cakes,1,1
knew,,1,1
Seaography:,1,1
drunk,2,2
simple,3,5
sky,1,1
others,2,4
silence.,3,0
whatever,1,1
silence,,2,2
hadn't,1,7
unfolded,2,2
simply,2,2
tea-time,,1,1
tea-time.,1,0
pack,,1,1
silence:,1,1
Christmas.',1,1
size;,1,1
'Same,0,1
patiently,1,1
there,,1,1
open,,1,1
there.,2,0
them,',3,3
Stretching,,1,1
'Beautiful,1,2
Duck:,1,1
sage,,1,1
sob,,1,1
My,0,1
acceptance,1,1
verse,1,1
lady,',1,1
moment's,1,2
"THEY,1,1
whom,1,1
Duck.,1,0
dropping,1,1
undertone,,1,1
"purpose"?',1,1
collected,2,2
That'll,0,1
'Everybody,1,1
meeting,1,1
woke,1,1
character,,1,1
resting,2,2
mice--oh,,1,1
lived,3,3
'--but,1,1
HER,2,2
what's,2,2
suppose.',1,1
remark,3,3
else,5,6
Multiplication,1,1
YOU.--Come,,1,1
guinea-pig,,1,1
understand,5,5
'I'll,3,5
reason,,1,1
pocket?',1,1
letter,,2,3
severely.,1,0
cake,,2,2
dance?,1,0
cake.,1,0
delight,,1,2
finish,,1,1
fur,2,2
look,17,13
Evidence,1,1
well,,1,1
further:,1,1
She'll,0,1
straight,2,2
sighing.,1,0
forgetting,1,3
while,15,8
happens.,1,0
pressed,2,3
leaning,2,2
fun,1,1
pepper-box,1,1
SLUGGARD,"',1,1
further.,1,0
pack,2,2
key;,1,1
real,2,3
Bill's,3,2
hoping,1,2
Miss,,1,2
MUST,3,3
leant,1,1
'--where's,1,1
use,,2,2
different!',1,2
'Did,1,1
remarked;,1,1
in.',1,1
jurors,2,2
itself,6,7
key,,1,1
ready,5,2
ferrets!,1,0
remarked.,3,0
good-natured,,1,1
Eaglet,1,1
sight:,1,2
result,1,1
funny,3,2
LITTLE,2,2
away,,3,3
righthand,1,1
choking,1,1
grin,,3,3
Lastly,,0,1
belong,1,1
tells,2,2
rules,3,3
sad?',1,1
away:,1,1
mean,',1,2
grand,2,2
appeared.,1,0
advise,1,1
'--Mystery,,1,1
FOOT,,1,1
evidence,3,3
butter,',1,1
See,0,1
used,8,2
'any,1,1
snail,1,1
writing-desks,,1,1
yesterday,2,2
attempted,1,1
'HE,1,1
Gryphon,3,19
patriotic,1,1
moment,7,13
flown,1,1
moving,3,3
Quadrille,1,2
said:,1,3
'Only,1,2
"come,1,1
('the,1,1
YOU,6,7
timid,2,3
flamingoes,,1,1
changed,,1,1
Tale,1,1
to-day?',1,1
people!,1,0
older,2,1
anxious,2,2
people.,1,0
Between,1,1
leaves.,1,0
calmly,,1,1
leaves,,2,2
person,2,2
yet,,3,3
edge,1,2
King;,1,2
grins,1,1
leaves:,1,1
jurors.',1,1
often,,1,2
meal,,1,1
moment.,1,0
Drawling--the,1,1
lobsters,2,3
panting,,2,2
Bill,,2,3
English.,1,0
to.',1,1
course?',1,1
lark,,1,1
Bill!,3,0
hands;,1,1
morsel,1,1
heard!',1,1
watch!',1,1
directly,,1,1
guests,,1,1
shape,1,1
child,',1,1
HAVE,4,4
using,2,2
croquet-ground.,1,0
lives.,1,0
"I'll,2,2
'why,,1,1
cut,5,5
pocket,1,1
also,1,1
SHE,',1,1
treacle,2,2
"Turtle,1,1
questions,,1,1
grin,1,1
crying,2,2
remaining,1,1
surprised,5,3
'Please,1,3
"Too,1,1
On,3,4
faster,,1,1
stop.',1,1
Last,1,1
(WITH,1,1
Oh,0,3
question,,4,4
showing,2,1
question.,3,0
pattering,1,1
game,3,4
away,',1,1
fly;,1,1
entangled,2,2
rude,,1,1
bag,,1,1
bit,6,6
distance.,1,0
Beautiful,,1,2
distance,,1,3
contempt.,1,0
advance!,1,0
Hare.,1,0
Arithmetic--Ambition,,1,1
Hare,,1,2
lost,1,1
'But,,1,1
shaped,2,1
table:,1,1
OF,3,3
sizes,1,1
VII.,1,0
"There,1,2
'tell,1,1
chorus,2,1
eel,1,1
fork,1,1
DOES,1,1
matter,',1,1
Hare:,1,1
surprise,,2,2
conclusion,,1,1
together.',1,1
foolish,1,1
walrus,1,1
'DRINK,1,2
table,,3,4
'Do,3,5
Turtle.,1,0
patiently.,1,0
Little,1,1
gloomily:,1,1
often,3,2
Pray,1,1
last,,1,4
IV.,1,0
hint;,1,1
some,31,34
back,20,13
Time,,1,1
understood,1,1
girl,',1,1
hurriedly,2,2
sight,2,2
steam-engine,1,1
candle,2,1
capering,1,1
Pig,0,1
pale,2,2
HIM.',1,1
saucer,1,1
idiotic!',1,1
savage,3,3
cards!',1,1
can;--but,1,1
things--I,1,1
means--to--make--anything--prettier.',1,1
cardboard.),1,1
shall,6,15
completely.,1,0
whiting,',1,1
quickly,2,2
absurd,,1,1
(or,1,1
go?",1,1
good,,1,1
Queen?',1,1
be,42,99
father;,1,1
loud.,1,0
run,3,3
March--just,1,1
remembered,1,5
things--',1,1
Bill,2,2
sigh.,1,0
O,1,1
refused,1,1
witness!',2,2
kitchen,,1,1
Dormouse's,1,1
nowhere,1,1
sadly:--,1,1
sigh:,1,2
ONE.',1,1
by,45,25
you--are,1,1
twinkling!,1,0
Eaglet.,1,0
Eaglet,,1,1
bristling,1,1
anything,13,12
wore,1,1
uneasy:,1,1
trying--',1,1
purring,,1,1
impatiently;,1,1
'at,2,2
here.',2,2
water-well,',1,1
regular,2,2
(He,1,1
corners:,1,1
see!',1,1
pine-apple,,1,1
said,',1,1
'Come,2,4
emphasis,,1,1
undoing,1,1
ME',2,2
sternly.,1,0
Conqueror,,1,1
noises,,1,1
ME,,1,1
into,46,18
thistle,,1,1
man,',1,1
nonsense,1,1
'as,4,4
you.',1,1
RABBIT',0,1
Everything,0,1
which?',1,1
piteous,1,1
squeaked.,1,0
Hearts,1,1
'Is,1,1
lesson,1,1
whiting!',1,1
thimble';,1,1
Off,0,1
sorrows,,1,1
signifies,1,1
sad,2,2
treated,1,1
whiles.',1,1
question,6,5
live,5,6
long,15,25
shillings,1,1
consultation,1,1
laughed,,1,1
we're,1,1
suit,3,3
size,',1,1
ME.',1,1
Come,0,3
jurymen.,1,0
GAVE,2,2
faster?",1,1
himself,3,4
Dormouse!',1,1
inches,6,6
[later,2,1
daisies,,1,1
'Very,',0,1
day;,1,1
forwards,1,1
'They're,1,2
alive,1,1
atom,1,1
upright,1,1
YOU,"',1,1
though),,1,1
noticed,,1,1
dull,2,2
raising,1,1
peeped,3,3
I'll,18,18
'you,7,8
again.',2,2
'Your,2,2
up,57,30
us,9,8
bread-and-butter.,1,0
accustomed,1,1
growing.',1,1
proves,1,1
called,13,8
yelled,1,1
side.,2,0
Mouse,,2,7
happened.),1,1
Mouse.,1,0
ordered,2,1
'Leave,0,1
smile:,1,1
timidly.,1,0
cross-examine,1,2
lost,,1,1
sisters,',1,1
skimming,1,1
Stigand,,1,1
Digging,0,1
'In,5,3
like:,1,1
lost:,1,1
smile.,1,0
denying,1,1
knowledge.,1,0
ugly;,1,1
knowledge,,1,1
failure.,1,0
puzzling,4,4
night!,1,0
'I--I'm,1,1
garden."',1,1
Ann!',1,1
doing!',1,1
mayn't,1,1
occasional,1,1
These,2,2
nice,,1,1
Mad,1,1
'Or,0,1
Distraction,,1,1
name,,1,1
nice,4,4
brushing,1,1
happens,2,1
draw,4,4
good-naturedly,1,1
energetic,1,1
Queen,',1,1
tulip-roots,1,1
favourite,1,1
neck,,1,1
does,,1,1
(look,1,1
does.,1,0
occurred,1,1
lobsters!',1,1
'when,2,2
meaning,4,2
'IT,1,1
looking-glass.,1,0
AT,1,1
smiled,2,2
fishes,1,1
cur,,1,1
disappeared;,1,1
confusing,2,2
sides,3,2
evidence,',1,2
ago,1,1
stairs!',1,1
land,1,1
furrows;,1,1
Duchess's,1,3
age,2,2
difficulties,,1,1
walked,3,9
An,1,3
back.,1,0
yourself!',1,1
As,8,6
neighbouring,1,1
came,25,26
pocket,,2,1
far,8,9
she's,3,2
sounded,5,5
scale!,1,0
sometimes,,1,1
mineral,,1,1
'Hm!,1,0
instantly,,2,1
rabbit,1,1
conger-eel,,1,1
splashing,2,2
Time,1,1
"Up,1,1
blacking,,1,1
head--,1,1
go,20,26
cat,',1,1
he?',1,1
cupboards,2,2
seemed,17,6
comfort,,1,1
stay!',1,1
snail,,1,1
grinned,1,2
name:,1,1
'--well,1,1
peering,1,1
grass,2,2
young,3,4
send,1,1
nose,1,1
'YOU,1,1
only,,1,1
(not,1,1
deal:,1,1
'Go,0,1
pleasing,1,1
me,',4,3
sent,2,2
'"What,0,1
'W.,1,0
with?',1,1
garden,2,4
flinging,1,1
wind,,1,1
thoughtfully:,1,1
'now,1,1
'not,2,2
'Whoever,0,1
more:,1,1
more;,1,1
where--',1,1
balls,1,1
putting,3,3
gravely,,2,2
rattling,2,2
more,,4,4
places--ALL,',1,1
more.,1,0
'how,1,1
continued,6,3
'Serpent!',0,1
part,1,1
No,,0,4
severely,3,3
'Found,1,2
magic,1,1
panted,1,1
far,',1,2
quietly,,1,1
they've,1,1
try,8,6
tunnel,1,1
race,2,2
lessons!',1,1
WILLIAM,',1,1
Here,2,3
teeth,,1,1
insolence,1,1
concluded,2,2
TO,3,3
us,,2,2
so--and,1,1
sir--',1,1
waited.,2,0
other,,1,4
means,,1,1
uncomfortably,1,1
Jack-in-the-box,,1,1
sensation,1,1
boots,2,2
shrieked,1,1
first--verdict,1,1
'This,1,2
picked,2,3
procession,',1,1
cat,7,7
odd,1,1
unhappy.,1,0
other:,1,2
other;,2,2
that,,5,4
sea--',1,1
WHAT,1,2
'Their,0,1
(It,0,1
shade:,1,1
passion.,1,0
giving,2,1
indeed:--,1,1
squeeze,1,1
March.',1,1
daisy-chain,1,1
Ah,,0,1
Turtle.',1,1
VOICE,1,1
Now,0,2
waiting,6,6
experiment,1,1
large,,1,1
that:,2,3
that;,1,1
persisted,1,1
lessons?',1,1
'Explain,1,2
bird,1,1
(In,0,1
poky,1,1
body,2,2
nest.,1,0
melancholy,3,6
direction,',1,2
led,4,3
chose,1,1
explanation.,1,0
upsetting,1,1
beasts,1,1
timidly,,2,4
ear.,3,0
answered,,1,1
schoolroom,,1,1
perhaps?',1,1
chrysalis--you,1,1
busy,1,1
let,6,5
sink,1,1
garden!',1,1
slates,1,1
indignantly,,1,1
indignantly.,2,0
fifteen,1,1
twelfth?',1,1
(IF,0,1
settling,1,1
vinegar,1,1
great,12,31
e--e--evening,,1,1
draw?',1,1
afraid,',1,1
'fetch,1,1
ALICE'S,1,2
larger,3,3
growl,,2,2
yourself,5,5
leaving,1,1
yesterday,,1,1
Cheshire,4,6
'for,6,5
weren't,1,1
shiver.,1,0
added,,2,3
tureen!,1,0
climb,1,1
suet;,1,1
makes,5,7
examining,1,1
toss,1,1
growling,',1,1
folded,1,1
bats?,1,0
manage,5,6
Pigeon,1,4
unwillingly,1,1
addressed,2,2
processions;,1,1
names,1,1
lodging,1,1
bats,,1,1
nibbling,3,2
singing,2,2
Trims,1,1
Mock,5,6
standing,1,1
use,5,8
from,29,18
Presently,1,2
simply--"Never,1,1
archbishop,2,2
chuckled.,1,0
figure,',1,1
frog,1,1
next,10,16
few,3,5
doubt,1,1
rose-tree,,2,2
was!',1,1
far,,1,1
explanation;,1,1
doubling,1,1
know,',3,4
sort,10,3
throne,1,1
clever,1,1
sir',1,1
from:,1,1
started,2,2
pig,,3,4
inclined,1,1
arrived,,1,1
about,70,46
sir,,3,3
dripping,1,1
carrying,2,2
labelled,1,1
ashamed,1,1
haste,,1,1
baby,2,6
seen--everything,1,1
red.,1,0
account,1,1
bottle.,1,0
animals,3,3
usual,',1,1
locks,1,1
this,52,59
us.,1,0
QUEEN,1,1
treacle,',1,1
tasted--',1,1
pour,1,1
anger,,1,1
certainly:,2,2
procession,,2,2
anywhere,1,1
crossed,3,3
now!,1,0
meet,2,2
fetch,4,4
interrupted.,1,0
water,,1,1
fit),1,1
high:,3,3
bent,1,1
plate,2,2
ferrets,1,1
'Once,1,1
high.,2,0
yet--it's,1,1
bleeds;,1,1
pieces,2,2
high,3,2
minute!',1,1
high,,2,1
water.,1,0
bones,1,1
wonderful,2,2
'Come,,4,7
trumpet,1,1
dull!',1,1
pretexts,1,1
paws,2,2
Normans--",1,1
line:,1,1
King,,1,11
sit,4,4
dreadful,',1,1
six,2,2
angrily:,1,1
it--',1,1
evidently,1,1
King:,1,2
confused,,1,1
THINK;,1,1
animal,1,1
becoming.,1,0
angrily.,3,0
instead,2,1
angrily,,3,3
prisoner's,1,1
case,',1,1
me.',1,1
bowed,,1,1
dear?',1,1
CHORUS.,2,0
paw,,2,2
stop,3,3
waters,1,1
hastily;,1,1
fire-irons,1,1
fitted!,1,0
escape;,1,1
WHATEVER?',1,1
'Change,0,1
Lizard,1,2
curving,1,1
trees,1,5
Allow,1,1
minding,1,1
courage,,1,1
King.,1,0
Cat:,2,2
Cat;,1,1
hastily,,4,4
hastily.,4,0
frowning,3,3
introduced,1,1
gone.,1,0
gone,,2,3
whistle,1,1
Time!',1,1
woman;,1,1
While,3,2
trembling,4,5
chief,1,1
managed?,1,0
allow,1,1
dinner,,1,1
furious,1,1
adjourn,,1,1
happen,,1,1
'Very,0,3
existence;,1,1
bathing,1,1
closely,1,1
ran,,1,1
hand,,4,4
hand.,1,0
move,2,2
VI.,1,0
Story,1,1
doubtful,2,2
produced,1,1
morning,',1,1
Majesty,',1,3
won't,9,12
slates.,1,0
sound.],1,1
mentioned,3,3
growing,,3,2
trusts,1,1
wow!,0,0
buttered,1,1
him.,2,0
sneeze,,1,1
pool,,1,2
me?',2,2
now?,1,0
SHE,,1,1
about.,1,0
'No,,3,8
world!,1,0
pool?,1,0
asking,3,3
meant,',1,1
sea!',1,1
Sing,0,1
English,',1,1
'Dinah'll,0,1
master,,1,1
trumpet,,1,1
happened,,2,2
happened.,1,0
court.,1,0
crash,1,1
now--Don't,1,1
look!,1,0
nobody,,2,2
practice,1,1
muddle,1,1
flew,1,1
back!',2,2
tiptoe,,2,2
'Read,1,1
croquet-ground,1,1
soldiers,,2,2
hands,4,5
hippopotamus,,1,1
However,,2,11
queer-looking,1,1
day,7,9
Queen,,1,11
Queen.,1,0
contemptuous,1,1
ointment--one,1,1
toes,1,1
'Now,2,4
'Not,4,7
least,,1,1
'Nor,0,1
sneezed,1,1
speech,,1,1
sky!,1,0
delightful,2,2
join,3,1
well?',1,2
terrier,,1,1
Queen:,1,1
breeze,1,1
accounts,1,1
raised,2,2
'How,6,14
shaking,3,3
CHAPTER,6,12
'Give,0,1
grunt,',1,1
executions,2,2
gravy,,1,1
(the,1,1
'Thinking,0,1
puppy;,1,1
doing,3,3
old,',1,1
globe,1,1
dreaming,1,1
'Suppose,1,2
Next,0,1
foot.,1,0
flamingo,2,2
sands,1,1
Which,1,3
measure,1,1
our,7,7
Fainting,1,1
true):,1,1
wander,1,1
turn-up,1,1
out,64,34
Turtle--we,1,1
sobs,2,2
Very,0,1
morning,,2,2
quicker.,1,0
hatters,1,1
OLD,,1,1
time,,3,5
time.,2,0
near.,1,0
attending!',1,1
Antipathies,,1,1
cause,2,2
time!,2,0
one's,1,1
afford,1,1
fly,,1,1
shut,3,3
'It's,8,5
This,7,11
dishes.,1,0
important,',1,1
book,,2,2
undo,1,1
attending,1,1
rumbling,1,1
Cat.,1,0
straightened,1,1
'--yes,,1,1
enough!',1,1
ridge,1,1
heads!',1,1
THINK,',1,1
'this,1,1
them,,17,13
flat,,1,1
things,,2,2
crashed,1,1
gallons,1,1
could,21,31
things!,1,0
herself;,2,4
much!',1,2
rustling,1,1
times,4,6
conversation,3,4
length,1,1
uneasily,,1,1
hedge.,1,0
disgust,,1,1
trickling,1,1
done.',1,1
sorrowful,1,2
IT.,1,0
tone.,9,0
clamour,1,1
is--"Birds,1,1
plainly,1,1
blown,1,1
roses?',1,1
better.',1,1
'Fourteenth,0,1
soothing,1,1
lately,,1,1
escape,,1,1
beating.,1,0
howled,1,1
pretty,1,1
'Alice!',1,1
other.',1,1
blows,1,1
QUITE,2,2
between,5,5
enough;,1,2
doesn't,12,14
two,,4,9
passion,,2,2
sadly,2,2
be,,1,1
"Come,1,1
ordering,2,2
'Get,1,2
baby;,1,1
vulgar,1,1
late.',1,1
YET,',1,1
Sir,,1,1
grow,5,12
their,30,38
Drawling-master,1,1
two:,1,1
fashion.',1,1
hush!',1,1
enough,,2,2
enough--I,1,1
perfectly,4,4
branches,1,1
baby,,1,3
hearing.,1,0
like?',1,1
coward!',1,1
fellow!',1,1
KNOW,1,1
puzzled.),1,1
shepherd,1,1
pale,,2,2
handsome,1,1
exactly,3,5
cup,',1,1
read:--,1,1
toes.',1,1
outside,',1,1
dinn--',1,1
love,,1,2
speak,,1,2
herself,23,31
remember,8,11
puzzle!',1,1
burnt,,1,1
later.,1,0
giddy.',2,2
succeeded,3,1
slipped,,1,1
Serpent!',1,1
bother,1,1
yawned,2,2
beg,4,3
flashed,1,1
answers.',1,1
listeners,1,1
Duck,1,1
curiosity.,2,0
shoulders,,1,1
curiosity,,2,2
counting,1,1
ITS,1,1
twelve,,1,1
mushroom,',1,1
verse.',1,1
D,',1,1
sea,2,2
delay,1,1
you.,1,0
sadly.,2,0
tidy,1,1
gently,3,3
interrupted,5,3
'just,1,1
manage?',1,1
comfortably,1,1
have,37,49
know!',2,2
comes,,1,1
sobbing,',1,1
cards,,1,1
watch,',1,1
turtles,1,1
people,',1,1
afraid,5,4
dishes,1,1
FIT,1,1
bough,1,1
After,1,2
comfortable,,1,1
meekly:,1,1
'Speak,2,2
which,33,21
(she,8,5
once.',1,2
ME,',3,2
'--so,1,2
blades,1,1
indeed.,1,0
egg!',1,1
centre,1,1
LEAVE,1,1
who,33,25
'besides,,1,1
business,,1,1
'--likely,1,1
memory,,1,1
high).,1,0
temper,',1,1
THIS,3,3
alarmed,1,1
why,7,6
MILE,1,1
prove,1,1
'Then,5,4
RIGHT,1,1
deeply.,1,0
'Nonsense!',1,1
deeply,,1,1
liked,3,3
gather,1,1
Some,0,1
face,3,6
looked,17,18
face,,3,3
you'll,4,3
jaws!',1,1
absurd,1,1
game.,1,0
mournful,1,1
painting,2,2
face.,2,0
fact,2,2
it?',8,8
Everybody,1,1
one!,1,0
Lory.,1,0
is--oh,1,1
Dinah!',1,1
Paris,1,1
FATHER,1,2
word),1,1
muchness--you,1,1
exclaimed.,1,0
bring,1,2
holiday?',1,1
planning,1,1
arrow.,1,0
telling,2,2
soldiers,5,7
fear,3,3
one;,2,2
another!,1,0
BEST,1,2
shoes,4,5
nearer,4,3
it?),1,1
knowledge,1,1
jar,2,2
should,10,16
birds,),1,1
speak?',1,1
fairy-tales,,1,1
a--',1,1
tail.,2,0
time).,1,0
years,,1,1
fumbled,1,1
roughly,1,1
hope,3,3
crab,,1,1
meant,4,4
prosecute,1,1
'Of,3,4
means,2,2
beat,3,3
Pigeon,,1,2
cheered.,1,0
muttering,3,2
cartwheels,,1,1
act,1,1
home,',1,1
head!"',1,1
ones,1,1
please,,3,3
words,6,13
please!,1,0
walk!",1,1
THE,7,7
below,,1,1
'--as,0,1
hedges,',1,1
jury--',1,1
Once,0,1
Because,1,1
talking.,1,0
had,,1,1
impertinent,',1,1
'don't,2,2
"French,,1,1
room!',2,2
sister,,1,2
anything.,1,0
houses,,1,1
calling,1,1
talking:,1,1
annoyed,',1,1
stuff,1,1
she,196,141
to-night,,1,1
anything;,2,2
'For,1,1
rapped,1,1
fixed,1,1
raw.',1,1
along--'Catch,1,1
shedding,1,1
I,',1,1
chimney?--Nay,,1,1
tossing,3,3
nurse--and,1,1
end:,1,1
crash)--'Now,,1,1
once:,1,1
once;,1,1
'What,14,17
away.,3,0
cat.),1,1
faces,2,2
desperate,1,1
again?',2,2
once,,1,5
forepaws,1,1
once.,1,0
drawing,1,1
end,,1,1
flower-beds,1,1
ground,,1,1
riddles.--I,1,1
(The,1,2
pattern,1,1
bear:,1,1
'At,0,1
'As,0,2
middle,,1,3
mind,,2,2
written,5,6
beautify,1,1
lesson-book.,1,0
'there's,1,1
station.),1,1
couples:,1,1
fact.,1,0
neither,2,2
partner!',1,1
fits,,1,1
(though,1,1
dream:--,1,1
asked.,7,0
shorter,,1,1
asked,,1,1
lesson-books!',1,1
opening,3,3
exclaimed,,1,1
Alice's,4,8
hurrying,1,1
Dinah,3,4
jury-box,,1,2
more!',1,1
bright-eyed,1,1
asleep.,1,0
key,3,4
turkey,,1,1
puzzled,4,3
DOTH,1,1
Caterpillar;,1,1
Panther,2,3
staring,3,2
answer?',1,1
him;,1,1
this:,2,2
sharply,1,1
child!',2,2
minutes,3,6
taking,5,5
he's,1,1
bank--the,1,1
vanishing,1,1
agree,2,2
see.',1,1
did,,3,3
teapot.,1,0
twinkle,,3,3
swallow,1,1
close,,1,1
remarks,,1,1
next!',1,1
Bill!',1,1
Would,0,2
kick,,1,1
cakes,',1,1
wrong!',1,1
that,',8,5
walk,4,4
marked,,1,1
not,',5,3
mouths.,1,0
together,,1,1
table,4,7
done.,1,0
sense,,2,2
shoulder,,1,1
appeared,3,3
'till,2,2
he'd,1,1
'From,1,1
simpleton.',1,1
violence,1,1
WILLIAM,"',1,1
argued,1,1
'Mine,0,1
'Really,,2,2
it's,24,21
bill,,1,1
thanked,1,1
choice,,1,1
immense,1,1
home!,1,0
slowly,6,5
'arrum.'),1,1
frighten,1,1
head!',2,6
curtain,1,1
feather,1,1
waste,1,1
Mouse!',1,1
railway,',1,1
AND,3,3
shoulders,2,2
dreadfully,6,6
replied:,2,2
dears?,1,0
King,2,20
extras?',1,1
neighbour,1,1
finished,6,5
pool--she,1,1
down,',3,2
'after,1,1
respectful,1,1
wig.',1,1
WAISTCOAT-POCKET,,1,1
PRECIOUS,1,1
an,26,39
time.',1,1
dream,,1,1
'So,4,3
That's,0,1
And,34,29
TRUE--",1,1
thought:,1,1
to?',3,2
sort.,1,0
appearance,1,1
dears!,1,0
Turtle,1,25
will,15,15
riper,1,1
bawled,1,1
opinion,',1,1
wild,2,2
outside.,1,0
advisable,1,1
outside,,1,1
Hare,1,12
before.',1,1
MORE,2,2
jurymen,1,2
'whenever,1,1
'Anything,0,1
"What,2,2
almost,4,5
no!',1,1
around,,1,1
unhappy,1,1
cats!',1,1
helped,1,1
question?',1,1
sing?',1,1
You,2,6
sits,1,1
days.',1,1
note-book,1,1
tumbled,1,1
jury-box,1,1
three.',1,1
kissed,1,1
mine,',1,1
perhaps,8,10
began,21,33
ill.',2,2
brightened,2,1
fountains.,1,0
'nine,1,1
fountains,,1,1
tumbling,2,2
digging,2,2
largest,1,1
party,3,7
glaring,1,1
enough,',1,1
thunderstorm.,1,0
elbows,1,1
spell,1,1
'leave,1,1
drink,2,4
disagree,1,1
effect,1,1
hatter.',1,1
cook.,2,0
introduce,1,2
lad!--Here,,1,1
officers,1,1
Cat,3,8
words,',1,1
'but,17,13
Dormouse,',2,2
off,29,26
push,1,1
nevertheless,1,1
'What's,2,2
get",1,1
'Are,1,4
well,8,13
Lizard),1,1
fighting,1,1
Yet,3,1
thought,40,22
eggs,',1,1
diamonds,,1,1
ARE,5,3
position,2,1
tittered,1,1
begun.',1,1
gloves,,3,2
MINE.',1,1
gloves.,1,0
lest,1,1
never!',1,1
taller,1,1
barking,1,1
cried,16,6
less,3,2
going,,1,1
is--"Take,1,1
Lizard,,2,2
do,',4,2
TOOK,1,1
whisper,,1,1
'Which,3,3
front,1,1
pause.,1,0
distant,1,2
'some,1,1
diligently,1,1
fat;,1,1
tea-things,1,1
partners--',1,1
parchment,2,2
'Curiouser,1,1
Be,0,1
snorting,1,1
work,,1,1
slates;,1,1
tight,1,1
sea!",1,1
particular--Here,,1,1
size?,1,0
doorway;,1,1
Oh!,0,0
size:,3,3
dogs?',1,1
then,',5,3
telescope.',1,1
book,2,3
adoption,1,1
she'd,1,1
wet,1,1
reason,4,8
Five,1,1
out-of-the-way,3,2
By,2,2
ought,8,2
raven,1,1
moment:,1,1
Duchess?',1,1
surprised,,1,1
ledge,1,1
'One,,2,2
came,,2,2
room.,1,0
room,,1,1
Pig!',0,1
clock.,1,0
manners,1,1
'Let's,0,1
whispers,1,1
Quadrille?',1,1
'--it,1,1
five,1,1
know,17,25
moment,,3,5
immediately,2,2
mistake;,1,1
'One,2,1
him,',1,2
puppy,3,5
England,1,1
like,51,32
confusion,,2,2
altogether;,1,1
politely,1,1
crawled,1,1
Queen's,2,7
riddle,1,1
altogether,,2,2
pun!',1,1
altogether.,1,0
'until,1,1
croquet.',1,2
croqueting,1,1
lose,1,1
mustard-mine,1,1
become,4,2
boon,,1,1
soft,1,1
Quick,,0,1
poor,12,11
because,10,9
chains,,1,1
fun?',1,1
remember,',2,2
Pray,,1,1
authority,1,2
Queen!,1,0
hair,5,4
There's,0,1
choosing,1,1
proper,3,2
home,1,1
talk,',1,1
talk.,1,0
shan't,3,3
before,,9,8
KING,1,1
before.,2,0
est,1,1
indeed,,1,1
jury,,1,4
politely;,1,1
politely:,1,1
avoid,1,1
kettle,1,1
is--',1,1
leap,1,1
does,3,2
bird,',1,1
SOMETHING,1,1
saucepan,1,1
shyly,,1,1
temper!',1,1
dancing.',1,1
politely,,1,3
hasn't,2,2
pepper,5,3
noise,3,3
executed,,3,3
dream!',1,1
reaching,1,1
court,",1,1
she,,3,4
applause,,1,1
finished.',1,1
what?',2,2
'it's,8,6
plates,,1,1
choked,3,3
stuff?,1,0
gained,1,1
indeed:,1,1
sister,2,5
jury.,1,0
carried,4,3
getting,15,16
himself,,1,1
happen:,1,1
verses.',1,1
bitter--and--and,1,1
in.,1,0
'so,3,2
mine,,1,1
Hatter,,1,9
do:--,1,1
herself,,7,21
other.,1,0
herself.,3,0
tongue,1,1
'Turn,1,2
more.',1,1
worse.,1,0
moderate.,1,0
swimming,2,2
'But,12,13
were,',1,1
own,4,9
court!,1,0
teacups,2,2
court,,1,5
aloud;,1,1
honour!',1,2
you--all,1,1
Two,0,1
shorter.',1,1
screamed,4,2
wood--(she,1,1
guard,1,1
tiny,3,4
muchness"--did,1,1
'Serpent,,1,1
ALICE'S,0,1
aloud,,1,1
court;,1,1
aloud.,3,0
I'LL,0,1
minute.,1,0
minute,,2,4
First,,1,3
bursting,1,1
rushed,1,1
mad.,2,0
sneeze,1,1
mad,,1,1
*,1,4
Pennyworth,1,1
noticed,5,5
a--I'm,1,1
much,20,34
powdered,1,1
place,,2,2
breathe.',1,1
say.,1,0
sh!',0,1
'one,1,1
'what's,1,1
interest,1,1
slippery;,1,1
France--,1,1
WHAT?,1,0
out.",1,1
Soup?,1,0
children;,1,1
but,93,43
mushroom,,2,1
repeated,8,8
treacle-well--eh,,1,1
life.',1,1
ought!,1,0
children.,1,0
children,,3,2
highest,1,1
eat,9,13
witness,3,3
he,56,62
tongue!',1,2
scream,1,1
made,18,16
wise,2,2
whether,11,6
wish,8,10
scroll,1,1
eyes;,1,1
this,,12,10
signed,2,2
this.,1,0
Dormouse,5,22
placed,1,1
below,1,1
vegetable.,1,0
eyes.,1,0
this;,2,2
eyes,,4,4
trying,,1,1
rest,,1,1
stirring,2,2
'it'll,1,1
rightly,1,1
better,',1,1
stupid),,1,1
airs!,1,0
whisper,1,1
year,2,2
pie,1,1
lasted,1,1
twist,2,2
arms,,1,1
savage!',1,1
is?',1,1
twinkle--"',1,1
trotting,2,2
THAN,1,1
girl,2,3
Dinah'll,1,1
garden.,2,0
garden,,3,4
(As,0,1
accident,,1,1
wide,,1,1
accusation!',1,1
Shall,0,1
myself.',1,1
Never,0,1
useful,,2,2
Australia?',1,1
NOT,,1,1
other,10,23
garden:,1,1
Please,,0,1
branch,1,1
Pinch,0,1
William's,0,1
like,,1,2
conclusion,1,1
proceed.,1,0
exclamation,1,1
'Never,0,1
repeat,3,4
again.,13,0
Like,1,1
again,,27,14
duck,1,1
gay,1,1
again!,1,0
canvas,1,1
stay,2,3
again:,4,4
again;,2,2
chance,3,2
porpoise,,1,1
waiting!',1,1
rabbit!,1,0
supple,1,1
nurse!,1,0
dance.,1,0
friends,2,2
grunted,3,2
could.,1,0
trial:,1,1
history,',1,1
game.',1,1
yelp,1,1
baked,1,1
inwards,,1,1
tinkling,1,1
getting!',1,1
rule,2,2
pictured,1,1
'we're,1,1
dog's,1,1
not!',1,1
Grief,,1,1
trial,,1,1
absence,,1,1
ordered';,1,1
lives,1,1
'You'll,2,2
